GAME_ID,TEAM_ID,TEAM_ABBREVIATION,TEAM_CITY,PLAYER_ID,PLAYER_NAME,START_POSITION,COMMENT,MIN,FGM,FGA,FG_PCT,FG3M,FG3A,FG3_PCT,FTM,FTA,FT_PCT,OREB,DREB,REB,AST,STL,BLK,TO,PF,PTS,PLUS_MINUS,file_name
0022000001,1610612744,GSW,Golden State,203952,Andrew Wiggins,F,,31:14,4.0,16.0,0.25,2.0,6.0,0.333,3.0,4.0,0.75,0.0,2.0,2.0,1.0,0.0,1.0,4.0,4.0,13.0,-28.0,nba_DFs/player_bs_trad_2020-12-22.csv
0022000001,1610612744,GSW,Golden State,1629672,Eric Paschall,F,,21:33,2.0,6.0,0.333,1.0,1.0,1.0,1.0,2.0,0.5,1.0,0.0,1.0,0.0,0.0,1.0,0.0,1.0,6.0,-28.0,nba_DFs/player_bs_trad_2020-12-22.csv
0022000001,1610612744,GSW,Golden State,1630164,James Wiseman,C,,24:17,7.0,13.0,0.538,1.0,1.0,1.0,4.0,8.0,0.5,1.0,5.0,6.0,0.0,2.0,0.0,1.0,2.0,19.0,-10.0,nba_DFs/player_bs_trad_2020-12-22.csv
0022000001,1610612744,GSW,Golden State,1626162,Kelly Oubre Jr.,G,,25:39,3.0,14.0,0.214,0.0,6.0,0.0,0.0,0.0,0.0,4.0,3.0,7.0,2.0,1.0,2.0,3.0,1.0,6.0,-28.0,nba_DFs/player_bs_trad_2020-12-22.csv
0022000001,1610612744,GSW,Golden State,201939,Stephen Curry,G,,30:19,7.0,21.0,0.333,2.0,10.0,0.2,4.0,4.0,1.0,3.0,1.0,4.0,10.0,2.0,0.0,3.0,1.0,20.0,-23.0,nba_DFs/player_bs_trad_2020-12-22.csv
0022000001,1610612744,GSW,Golden State,1626172,Kevon Looney,,,11:17,2.0,4.0,0.5,0.0,0.0,0.0,0.0,1.0,0.0,0.0,2.0,2.0,0.0,0.0,0.0,2.0,3.0,4.0,-10.0,nba_DFs/player_bs_trad_2020-12-22.csv
0022000001,1610612744,GSW,Golden State,203145,Kent Bazemore,,,11:35,1.0,2.0,0.5,0.0,1.0,0.0,0.0,0.0,0.0,0.0,2.0,2.0,2.0,1.0,0.0,2.0,3.0,2.0,-3.0,nba_DFs/player_bs_trad_2020-12-22.csv
0022000001,1610612744,GSW,Golden State,1627814,Damion Lee,,,12:14,1.0,2.0,0.5,1.0,1.0,1.0,0.0,0.0,0.0,1.0,6.0,7.0,2.0,0.0,0.0,0.0,0.0,3.0,8.0,nba_DFs/player_bs_trad_2020-12-22.csv
0022000001,1610612744,GSW,Golden State,1627737,Marquese Chriss,,,12:26,4.0,10.0,0.4,1.0,3.0,0.333,0.0,0.0,0.0,3.0,5.0,8.0,1.0,0.0,0.0,0.0,2.0,9.0,-6.0,nba_DFs/player_bs_trad_2020-12-22.csv
0022000001,1610612744,GSW,Golden State,1629673,Jordan Poole,,,17:55,1.0,4.0,0.25,0.0,1.0,0.0,0.0,0.0,0.0,0.0,2.0,2.0,3.0,0.0,0.0,2.0,2.0,2.0,-3.0,nba_DFs/player_bs_trad_2020-12-22.csv
0022000001,1610612744,GSW,Golden State,202954,Brad Wanamaker,,,21:40,0.0,2.0,0.0,0.0,1.0,0.0,3.0,4.0,0.75,0.0,1.0,1.0,3.0,0.0,0.0,1.0,2.0,3.0,1.0,nba_DFs/player_bs_trad_2020-12-22.csv
0022000001,1610612744,GSW,Golden State,1629308,Juan Toscano-Anderson,,,13:15,2.0,2.0,1.0,0.0,0.0,0.0,0.0,0.0,0.0,0.0,4.0,4.0,2.0,0.0,2.0,0.0,3.0,4.0,-9.0,nba_DFs/player_bs_trad_2020-12-22.csv
0022000001,1610612744,GSW,Golden State,1628539,Mychal Mulder,,,6:36,3.0,3.0,1.0,2.0,2.0,1.0,0.0,0.0,0.0,0.0,1.0,1.0,0.0,0.0,0.0,0.0,0.0,8.0,9.0,nba_DFs/player_bs_trad_2020-12-22.csv
0022000001,1610612751,BKN,Brooklyn,203925,Joe Harris,F,,20:46,4.0,8.0,0.5,2.0,5.0,0.4,0.0,0.0,0.0,2.0,5.0,7.0,2.0,0.0,1.0,2.0,2.0,10.0,21.0,nba_DFs/player_bs_trad_2020-12-22.csv
0022000001,1610612751,BKN,Brooklyn,201142,Kevin Durant,F,,24:56,7.0,16.0,0.438,1.0,2.0,0.5,7.0,7.0,1.0,1.0,4.0,5.0,3.0,3.0,1.0,1.0,3.0,22.0,26.0,nba_DFs/player_bs_trad_2020-12-22.csv
0022000001,1610612751,BKN,Brooklyn,201599,DeAndre Jordan,C,,17:03,2.0,3.0,0.667,0.0,0.0,0.0,0.0,2.0,0.0,2.0,9.0,11.0,1.0,1.0,1.0,3.0,2.0,4.0,21.0,nba_DFs/player_bs_trad_2020-12-22.csv
0022000001,1610612751,BKN,Brooklyn,203915,Spencer Dinwiddie,G,,19:57,2.0,6.0,0.333,1.0,3.0,0.333,4.0,4.0,1.0,0.0,5.0,5.0,4.0,0.0,0.0,3.0,1.0,9.0,24.0,nba_DFs/player_bs_trad_2020-12-22.csv
0022000001,1610612751,BKN,Brooklyn,202681,Kyrie Irving,G,,25:18,10.0,16.0,0.625,4.0,7.0,0.571,2.0,2.0,1.0,1.0,3.0,4.0,4.0,0.0,0.0,1.0,3.0,26.0,32.0,nba_DFs/player_bs_trad_2020-12-22.csv
0022000001,1610612751,BKN,Brooklyn,1628386,Jarrett Allen,,,19:37,2.0,3.0,0.667,0.0,0.0,0.0,4.0,5.0,0.8,3.0,4.0,7.0,2.0,1.0,2.0,2.0,0.0,8.0,12.0,nba_DFs/player_bs_trad_2020-12-22.csv
0022000001,1610612751,BKN,Brooklyn,1629013,Landry Shamet,,,19:43,1.0,4.0,0.25,1.0,4.0,0.25,3.0,4.0,0.75,0.0,1.0,1.0,0.0,1.0,0.0,2.0,3.0,6.0,12.0,nba_DFs/player_bs_trad_2020-12-22.csv
0022000001,1610612751,BKN,Brooklyn,1627747,Caris LeVert,,,24:49,6.0,17.0,0.353,3.0,5.0,0.6,5.0,6.0,0.833,1.0,8.0,9.0,5.0,2.0,1.0,2.0,1.0,20.0,18.0,nba_DFs/player_bs_trad_2020-12-22.csv
0022000001,1610612751,BKN,Brooklyn,201145,Jeff Green,,,17:17,3.0,4.0,0.75,1.0,2.0,0.5,0.0,0.0,0.0,0.0,0.0,0.0,1.0,1.0,0.0,1.0,3.0,7.0,6.0,nba_DFs/player_bs_trad_2020-12-22.csv
0022000001,1610612751,BKN,Brooklyn,1627752,Taurean Prince,,,16:06,0.0,1.0,0.0,0.0,1.0,0.0,1.0,2.0,0.5,0.0,1.0,1.0,0.0,1.0,1.0,0.0,1.0,1.0,3.0,nba_DFs/player_bs_trad_2020-12-22.csv
0022000001,1610612751,BKN,Brooklyn,1629617,Reggie Perry,,,7:46,1.0,3.0,0.333,0.0,1.0,0.0,0.0,0.0,0.0,1.0,1.0,2.0,1.0,0.0,0.0,0.0,0.0,2.0,-8.0,nba_DFs/player_bs_trad_2020-12-22.csv
0022000001,1610612751,BKN,Brooklyn,1628971,Bruce Brown,,,7:31,1.0,3.0,0.333,0.0,1.0,0.0,0.0,0.0,0.0,0.0,1.0,1.0,1.0,0.0,0.0,2.0,1.0,2.0,-7.0,nba_DFs/player_bs_trad_2020-12-22.csv
0022000001,1610612751,BKN,Brooklyn,1627789,Timothe Luwawu-Cabarrot,,,6:36,2.0,6.0,0.333,1.0,3.0,0.333,0.0,0.0,0.0,1.0,1.0,2.0,0.0,0.0,0.0,1.0,2.0,5.0,-9.0,nba_DFs/player_bs_trad_2020-12-22.csv
0022000001,1610612751,BKN,Brooklyn,1629066,Rodions Kurucs,,,6:36,1.0,1.0,1.0,1.0,1.0,1.0,0.0,0.0,0.0,0.0,1.0,1.0,0.0,0.0,0.0,0.0,0.0,3.0,-9.0,nba_DFs/player_bs_trad_2020-12-22.csv
0022000001,1610612751,BKN,Brooklyn,204020,Tyler Johnson,,,5:59,0.0,1.0,0.0,0.0,0.0,0.0,0.0,0.0,0.0,1.0,0.0,1.0,0.0,1.0,0.0,0.0,0.0,0.0,-12.0,nba_DFs/player_bs_trad_2020-12-22.csv
0022000001,1610612744,GSW,Golden State,203952,Andrew Wiggins,F,,31:14,4.0,16.0,0.25,2.0,6.0,0.333,3.0,4.0,0.75,0.0,2.0,2.0,1.0,0.0,1.0,4.0,4.0,13.0,-28.0,nba_DFs/player_bs_trad_2020-12-22.csv
0022000001,1610612744,GSW,Golden State,1629672,Eric Paschall,F,,21:33,2.0,6.0,0.333,1.0,1.0,1.0,1.0,2.0,0.5,1.0,0.0,1.0,0.0,0.0,1.0,0.0,1.0,6.0,-28.0,nba_DFs/player_bs_trad_2020-12-22.csv
0022000001,1610612744,GSW,Golden State,1630164,James Wiseman,C,,24:17,7.0,13.0,0.538,1.0,1.0,1.0,4.0,8.0,0.5,1.0,5.0,6.0,0.0,2.0,0.0,1.0,2.0,19.0,-10.0,nba_DFs/player_bs_trad_2020-12-22.csv
0022000001,1610612744,GSW,Golden State,1626162,Kelly Oubre Jr.,G,,25:39,3.0,14.0,0.214,0.0,6.0,0.0,0.0,0.0,0.0,4.0,3.0,7.0,2.0,1.0,2.0,3.0,1.0,6.0,-28.0,nba_DFs/player_bs_trad_2020-12-22.csv
0022000001,1610612744,GSW,Golden State,201939,Stephen Curry,G,,30:19,7.0,21.0,0.333,2.0,10.0,0.2,4.0,4.0,1.0,3.0,1.0,4.0,10.0,2.0,0.0,3.0,1.0,20.0,-23.0,nba_DFs/player_bs_trad_2020-12-22.csv
0022000001,1610612744,GSW,Golden State,1626172,Kevon Looney,,,11:17,2.0,4.0,0.5,0.0,0.0,0.0,0.0,1.0,0.0,0.0,2.0,2.0,0.0,0.0,0.0,2.0,3.0,4.0,-10.0,nba_DFs/player_bs_trad_2020-12-22.csv
0022000001,1610612744,GSW,Golden State,203145,Kent Bazemore,,,11:35,1.0,2.0,0.5,0.0,1.0,0.0,0.0,0.0,0.0,0.0,2.0,2.0,2.0,1.0,0.0,2.0,3.0,2.0,-3.0,nba_DFs/player_bs_trad_2020-12-22.csv
0022000001,1610612744,GSW,Golden State,1627814,Damion Lee,,,12:14,1.0,2.0,0.5,1.0,1.0,1.0,0.0,0.0,0.0,1.0,6.0,7.0,2.0,0.0,0.0,0.0,0.0,3.0,8.0,nba_DFs/player_bs_trad_2020-12-22.csv
0022000001,1610612744,GSW,Golden State,1627737,Marquese Chriss,,,12:26,4.0,10.0,0.4,1.0,3.0,0.333,0.0,0.0,0.0,3.0,5.0,8.0,1.0,0.0,0.0,0.0,2.0,9.0,-6.0,nba_DFs/player_bs_trad_2020-12-22.csv
0022000001,1610612744,GSW,Golden State,1629673,Jordan Poole,,,17:55,1.0,4.0,0.25,0.0,1.0,0.0,0.0,0.0,0.0,0.0,2.0,2.0,3.0,0.0,0.0,2.0,2.0,2.0,-3.0,nba_DFs/player_bs_trad_2020-12-22.csv
0022000001,1610612744,GSW,Golden State,202954,Brad Wanamaker,,,21:40,0.0,2.0,0.0,0.0,1.0,0.0,3.0,4.0,0.75,0.0,1.0,1.0,3.0,0.0,0.0,1.0,2.0,3.0,1.0,nba_DFs/player_bs_trad_2020-12-22.csv
0022000001,1610612744,GSW,Golden State,1629308,Juan Toscano-Anderson,,,13:15,2.0,2.0,1.0,0.0,0.0,0.0,0.0,0.0,0.0,0.0,4.0,4.0,2.0,0.0,2.0,0.0,3.0,4.0,-9.0,nba_DFs/player_bs_trad_2020-12-22.csv
0022000001,1610612744,GSW,Golden State,1628539,Mychal Mulder,,,6:36,3.0,3.0,1.0,2.0,2.0,1.0,0.0,0.0,0.0,0.0,1.0,1.0,0.0,0.0,0.0,0.0,0.0,8.0,9.0,nba_DFs/player_bs_trad_2020-12-22.csv
0022000001,1610612751,BKN,Brooklyn,203925,Joe Harris,F,,20:46,4.0,8.0,0.5,2.0,5.0,0.4,0.0,0.0,0.0,2.0,5.0,7.0,2.0,0.0,1.0,2.0,2.0,10.0,21.0,nba_DFs/player_bs_trad_2020-12-22.csv
0022000001,1610612751,BKN,Brooklyn,201142,Kevin Durant,F,,24:56,7.0,16.0,0.438,1.0,2.0,0.5,7.0,7.0,1.0,1.0,4.0,5.0,3.0,3.0,1.0,1.0,3.0,22.0,26.0,nba_DFs/player_bs_trad_2020-12-22.csv
0022000001,1610612751,BKN,Brooklyn,201599,DeAndre Jordan,C,,17:03,2.0,3.0,0.667,0.0,0.0,0.0,0.0,2.0,0.0,2.0,9.0,11.0,1.0,1.0,1.0,3.0,2.0,4.0,21.0,nba_DFs/player_bs_trad_2020-12-22.csv
0022000001,1610612751,BKN,Brooklyn,203915,Spencer Dinwiddie,G,,19:57,2.0,6.0,0.333,1.0,3.0,0.333,4.0,4.0,1.0,0.0,5.0,5.0,4.0,0.0,0.0,3.0,1.0,9.0,24.0,nba_DFs/player_bs_trad_2020-12-22.csv
0022000001,1610612751,BKN,Brooklyn,202681,Kyrie Irving,G,,25:18,10.0,16.0,0.625,4.0,7.0,0.571,2.0,2.0,1.0,1.0,3.0,4.0,4.0,0.0,0.0,1.0,3.0,26.0,32.0,nba_DFs/player_bs_trad_2020-12-22.csv
0022000001,1610612751,BKN,Brooklyn,1628386,Jarrett Allen,,,19:37,2.0,3.0,0.667,0.0,0.0,0.0,4.0,5.0,0.8,3.0,4.0,7.0,2.0,1.0,2.0,2.0,0.0,8.0,12.0,nba_DFs/player_bs_trad_2020-12-22.csv
0022000001,1610612751,BKN,Brooklyn,1629013,Landry Shamet,,,19:43,1.0,4.0,0.25,1.0,4.0,0.25,3.0,4.0,0.75,0.0,1.0,1.0,0.0,1.0,0.0,2.0,3.0,6.0,12.0,nba_DFs/player_bs_trad_2020-12-22.csv
0022000001,1610612751,BKN,Brooklyn,1627747,Caris LeVert,,,24:49,6.0,17.0,0.353,3.0,5.0,0.6,5.0,6.0,0.833,1.0,8.0,9.0,5.0,2.0,1.0,2.0,1.0,20.0,18.0,nba_DFs/player_bs_trad_2020-12-22.csv
0022000001,1610612751,BKN,Brooklyn,201145,Jeff Green,,,17:17,3.0,4.0,0.75,1.0,2.0,0.5,0.0,0.0,0.0,0.0,0.0,0.0,1.0,1.0,0.0,1.0,3.0,7.0,6.0,nba_DFs/player_bs_trad_2020-12-22.csv
0022000001,1610612751,BKN,Brooklyn,1627752,Taurean Prince,,,16:06,0.0,1.0,0.0,0.0,1.0,0.0,1.0,2.0,0.5,0.0,1.0,1.0,0.0,1.0,1.0,0.0,1.0,1.0,3.0,nba_DFs/player_bs_trad_2020-12-22.csv
0022000001,1610612751,BKN,Brooklyn,1629617,Reggie Perry,,,7:46,1.0,3.0,0.333,0.0,1.0,0.0,0.0,0.0,0.0,1.0,1.0,2.0,1.0,0.0,0.0,0.0,0.0,2.0,-8.0,nba_DFs/player_bs_trad_2020-12-22.csv
0022000001,1610612751,BKN,Brooklyn,1628971,Bruce Brown,,,7:31,1.0,3.0,0.333,0.0,1.0,0.0,0.0,0.0,0.0,0.0,1.0,1.0,1.0,0.0,0.0,2.0,1.0,2.0,-7.0,nba_DFs/player_bs_trad_2020-12-22.csv
0022000001,1610612751,BKN,Brooklyn,1627789,Timothe Luwawu-Cabarrot,,,6:36,2.0,6.0,0.333,1.0,3.0,0.333,0.0,0.0,0.0,1.0,1.0,2.0,0.0,0.0,0.0,1.0,2.0,5.0,-9.0,nba_DFs/player_bs_trad_2020-12-22.csv
0022000001,1610612751,BKN,Brooklyn,1629066,Rodions Kurucs,,,6:36,1.0,1.0,1.0,1.0,1.0,1.0,0.0,0.0,0.0,0.0,1.0,1.0,0.0,0.0,0.0,0.0,0.0,3.0,-9.0,nba_DFs/player_bs_trad_2020-12-22.csv
0022000001,1610612751,BKN,Brooklyn,204020,Tyler Johnson,,,5:59,0.0,1.0,0.0,0.0,0.0,0.0,0.0,0.0,0.0,1.0,0.0,1.0,0.0,1.0,0.0,0.0,0.0,0.0,-12.0,nba_DFs/player_bs_trad_2020-12-22.csv
0022000002,1610612746,LAC,LA,202695,Kawhi Leonard,F,,34:00,10.0,26.0,0.385,1.0,8.0,0.125,5.0,5.0,1.0,0.0,2.0,2.0,3.0,2.0,0.0,3.0,5.0,26.0,1.0,nba_DFs/player_bs_trad_2020-12-22.csv
0022000002,1610612746,LAC,LA,201587,Nicolas Batum,F,,28:10,1.0,4.0,0.25,1.0,3.0,0.333,0.0,0.0,0.0,1.0,5.0,6.0,6.0,2.0,0.0,1.0,2.0,3.0,-2.0,nba_DFs/player_bs_trad_2020-12-22.csv
0022000002,1610612746,LAC,LA,201586,Serge Ibaka,C,,20:32,5.0,7.0,0.714,2.0,3.0,0.667,3.0,5.0,0.6,2.0,4.0,6.0,0.0,0.0,1.0,1.0,3.0,15.0,-8.0,nba_DFs/player_bs_trad_2020-12-22.csv
0022000002,1610612746,LAC,LA,202331,Paul George,G,,35:46,13.0,18.0,0.722,5.0,8.0,0.625,2.0,2.0,1.0,0.0,6.0,6.0,3.0,1.0,0.0,5.0,3.0,33.0,17.0,nba_DFs/player_bs_trad_2020-12-22.csv
0022000002,1610612746,LAC,LA,201976,Patrick Beverley,G,,22:07,4.0,9.0,0.444,2.0,5.0,0.4,0.0,0.0,0.0,4.0,2.0,6.0,3.0,0.0,0.0,2.0,4.0,10.0,10.0,nba_DFs/player_bs_trad_2020-12-22.csv
0022000002,1610612746,LAC,LA,1627826,Ivica Zubac,,,26:31,4.0,5.0,0.8,0.0,0.0,0.0,3.0,4.0,0.75,3.0,3.0,6.0,1.0,1.0,1.0,1.0,4.0,11.0,17.0,nba_DFs/player_bs_trad_2020-12-22.csv
0022000002,1610612746,LAC,LA,202335,Patrick Patterson,,,19:37,1.0,5.0,0.2,1.0,4.0,0.25,0.0,0.0,0.0,1.0,2.0,3.0,1.0,2.0,0.0,1.0,2.0,3.0,9.0,nba_DFs/player_bs_trad_2020-12-22.csv
0022000002,1610612746,LAC,LA,101150,Lou Williams,,,25:56,4.0,9.0,0.444,2.0,4.0,0.5,1.0,3.0,0.333,0.0,2.0,2.0,3.0,0.0,0.0,1.0,2.0,11.0,1.0,nba_DFs/player_bs_trad_2020-12-22.csv
0022000002,1610612746,LAC,LA,1628379,Luke Kennard,,,21:03,2.0,6.0,0.333,0.0,3.0,0.0,0.0,0.0,0.0,0.0,2.0,2.0,2.0,2.0,1.0,1.0,3.0,4.0,-3.0,nba_DFs/player_bs_trad_2020-12-22.csv
0022000002,1610612746,LAC,LA,1629611,Terance Mann,,,1:03,0.0,1.0,0.0,0.0,0.0,0.0,0.0,0.0,0.0,0.0,0.0,0.0,0.0,0.0,0.0,0.0,0.0,0.0,-2.0,nba_DFs/player_bs_trad_2020-12-22.csv
0022000002,1610612746,LAC,LA,202704,Reggie Jackson,,,3:21,0.0,3.0,0.0,0.0,2.0,0.0,0.0,0.0,0.0,0.0,1.0,1.0,0.0,0.0,0.0,0.0,1.0,0.0,-1.0,nba_DFs/player_bs_trad_2020-12-22.csv
0022000002,1610612746,LAC,LA,1629662,Mfiondu Kabengele,,,0:57,0.0,0.0,0.0,0.0,0.0,0.0,0.0,0.0,0.0,0.0,0.0,0.0,0.0,0.0,0.0,0.0,0.0,0.0,-2.0,nba_DFs/player_bs_trad_2020-12-22.csv
0022000002,1610612746,LAC,LA,1629599,Amir Coffey,,,0:57,0.0,0.0,0.0,0.0,0.0,0.0,0.0,0.0,0.0,0.0,0.0,0.0,0.0,0.0,0.0,0.0,0.0,0.0,-2.0,nba_DFs/player_bs_trad_2020-12-22.csv
0022000002,1610612746,LAC,LA,1630187,Daniel Oturu,,DNP - Coach's Decision                  ,,,,,,,,,,,,,,,,,,,,,nba_DFs/player_bs_trad_2020-12-22.csv
0022000002,1610612747,LAL,Los Angeles,2544,LeBron James,F,,28:21,7.0,17.0,0.412,3.0,8.0,0.375,5.0,7.0,0.714,2.0,3.0,5.0,5.0,0.0,0.0,4.0,2.0,22.0,2.0,nba_DFs/player_bs_trad_2020-12-22.csv
0022000002,1610612747,LAL,Los Angeles,203076,Anthony Davis,F,,30:53,8.0,15.0,0.533,0.0,2.0,0.0,2.0,2.0,1.0,0.0,7.0,7.0,2.0,0.0,0.0,4.0,1.0,18.0,-16.0,nba_DFs/player_bs_trad_2020-12-22.csv
0022000002,1610612747,LAL,Los Angeles,201188,Marc Gasol,C,,12:02,0.0,0.0,0.0,0.0,0.0,0.0,0.0,0.0,0.0,0.0,1.0,1.0,1.0,0.0,0.0,1.0,5.0,0.0,-8.0,nba_DFs/player_bs_trad_2020-12-22.csv
0022000002,1610612747,LAL,Los Angeles,203484,Kentavious Caldwell-Pope,G,,23:03,2.0,4.0,0.5,1.0,3.0,0.333,4.0,4.0,1.0,0.0,2.0,2.0,1.0,2.0,1.0,2.0,2.0,9.0,-9.0,nba_DFs/player_bs_trad_2020-12-22.csv
0022000002,1610612747,LAL,Los Angeles,203471,Dennis Schroder,G,,27:48,5.0,15.0,0.333,2.0,5.0,0.4,2.0,4.0,0.5,1.0,11.0,12.0,8.0,0.0,0.0,1.0,4.0,14.0,-10.0,nba_DFs/player_bs_trad_2020-12-22.csv
0022000002,1610612747,LAL,Los Angeles,1626149,Montrezl Harrell,,,32:15,6.0,7.0,0.857,0.0,0.0,0.0,5.0,7.0,0.714,4.0,6.0,10.0,3.0,0.0,1.0,1.0,1.0,17.0,-3.0,nba_DFs/player_bs_trad_2020-12-22.csv
0022000002,1610612747,LAL,Los Angeles,202083,Wesley Matthews,,,11:06,0.0,2.0,0.0,0.0,2.0,0.0,0.0,0.0,0.0,0.0,0.0,0.0,0.0,1.0,0.0,0.0,0.0,0.0,-18.0,nba_DFs/player_bs_trad_2020-12-22.csv
0022000002,1610612747,LAL,Los Angeles,1628398,Kyle Kuzma,,,26:38,6.0,11.0,0.545,1.0,3.0,0.333,2.0,2.0,1.0,0.0,1.0,1.0,0.0,0.0,0.0,2.0,2.0,15.0,1.0,nba_DFs/player_bs_trad_2020-12-22.csv
0022000002,1610612747,LAL,Los Angeles,202693,Markieff Morris,,,19:00,1.0,3.0,0.333,1.0,2.0,0.5,2.0,3.0,0.667,1.0,3.0,4.0,1.0,0.0,0.0,0.0,0.0,5.0,14.0,nba_DFs/player_bs_trad_2020-12-22.csv
0022000002,1610612747,LAL,Los Angeles,1627936,Alex Caruso,,,16:40,1.0,5.0,0.2,1.0,4.0,0.25,0.0,0.0,0.0,0.0,2.0,2.0,1.0,0.0,0.0,3.0,0.0,3.0,3.0,nba_DFs/player_bs_trad_2020-12-22.csv
0022000002,1610612747,LAL,Los Angeles,1629659,Talen Horton-Tucker,,,10:51,2.0,2.0,1.0,0.0,0.0,0.0,2.0,2.0,1.0,0.0,1.0,1.0,0.0,1.0,0.0,1.0,3.0,6.0,7.0,nba_DFs/player_bs_trad_2020-12-22.csv
0022000002,1610612747,LAL,Los Angeles,1626188,Quinn Cook,,,1:23,0.0,0.0,0.0,0.0,0.0,0.0,0.0,0.0,0.0,0.0,0.0,0.0,0.0,0.0,0.0,0.0,0.0,0.0,2.0,nba_DFs/player_bs_trad_2020-12-22.csv
0022000002,1610612747,LAL,Los Angeles,201162,Jared Dudley,,DNP - Coach's Decision                  ,,,,,,,,,,,,,,,,,,,,,nba_DFs/player_bs_trad_2020-12-22.csv
0022000002,1610612747,LAL,Los Angeles,1628035,Alfonzo McKinnie,,DNP - Coach's Decision                  ,,,,,,,,,,,,,,,,,,,,,nba_DFs/player_bs_trad_2020-12-22.csv
0022000002,1610612746,LAC,LA,202695,Kawhi Leonard,F,,34:00,10.0,26.0,0.385,1.0,8.0,0.125,5.0,5.0,1.0,0.0,2.0,2.0,3.0,2.0,0.0,3.0,5.0,26.0,1.0,nba_DFs/player_bs_trad_2020-12-22.csv
0022000002,1610612746,LAC,LA,201587,Nicolas Batum,F,,28:10,1.0,4.0,0.25,1.0,3.0,0.333,0.0,0.0,0.0,1.0,5.0,6.0,6.0,2.0,0.0,1.0,2.0,3.0,-2.0,nba_DFs/player_bs_trad_2020-12-22.csv
0022000002,1610612746,LAC,LA,201586,Serge Ibaka,C,,20:32,5.0,7.0,0.714,2.0,3.0,0.667,3.0,5.0,0.6,2.0,4.0,6.0,0.0,0.0,1.0,1.0,3.0,15.0,-8.0,nba_DFs/player_bs_trad_2020-12-22.csv
0022000002,1610612746,LAC,LA,202331,Paul George,G,,35:46,13.0,18.0,0.722,5.0,8.0,0.625,2.0,2.0,1.0,0.0,6.0,6.0,3.0,1.0,0.0,5.0,3.0,33.0,17.0,nba_DFs/player_bs_trad_2020-12-22.csv
0022000002,1610612746,LAC,LA,201976,Patrick Beverley,G,,22:07,4.0,9.0,0.444,2.0,5.0,0.4,0.0,0.0,0.0,4.0,2.0,6.0,3.0,0.0,0.0,2.0,4.0,10.0,10.0,nba_DFs/player_bs_trad_2020-12-22.csv
0022000002,1610612746,LAC,LA,1627826,Ivica Zubac,,,26:31,4.0,5.0,0.8,0.0,0.0,0.0,3.0,4.0,0.75,3.0,3.0,6.0,1.0,1.0,1.0,1.0,4.0,11.0,17.0,nba_DFs/player_bs_trad_2020-12-22.csv
0022000002,1610612746,LAC,LA,202335,Patrick Patterson,,,19:37,1.0,5.0,0.2,1.0,4.0,0.25,0.0,0.0,0.0,1.0,2.0,3.0,1.0,2.0,0.0,1.0,2.0,3.0,9.0,nba_DFs/player_bs_trad_2020-12-22.csv
0022000002,1610612746,LAC,LA,101150,Lou Williams,,,25:56,4.0,9.0,0.444,2.0,4.0,0.5,1.0,3.0,0.333,0.0,2.0,2.0,3.0,0.0,0.0,1.0,2.0,11.0,1.0,nba_DFs/player_bs_trad_2020-12-22.csv
0022000002,1610612746,LAC,LA,1628379,Luke Kennard,,,21:03,2.0,6.0,0.333,0.0,3.0,0.0,0.0,0.0,0.0,0.0,2.0,2.0,2.0,2.0,1.0,1.0,3.0,4.0,-3.0,nba_DFs/player_bs_trad_2020-12-22.csv
0022000002,1610612746,LAC,LA,1629611,Terance Mann,,,1:03,0.0,1.0,0.0,0.0,0.0,0.0,0.0,0.0,0.0,0.0,0.0,0.0,0.0,0.0,0.0,0.0,0.0,0.0,-2.0,nba_DFs/player_bs_trad_2020-12-22.csv
0022000002,1610612746,LAC,LA,202704,Reggie Jackson,,,3:21,0.0,3.0,0.0,0.0,2.0,0.0,0.0,0.0,0.0,0.0,1.0,1.0,0.0,0.0,0.0,0.0,1.0,0.0,-1.0,nba_DFs/player_bs_trad_2020-12-22.csv
0022000002,1610612746,LAC,LA,1629662,Mfiondu Kabengele,,,0:57,0.0,0.0,0.0,0.0,0.0,0.0,0.0,0.0,0.0,0.0,0.0,0.0,0.0,0.0,0.0,0.0,0.0,0.0,-2.0,nba_DFs/player_bs_trad_2020-12-22.csv
0022000002,1610612746,LAC,LA,1629599,Amir Coffey,,,0:57,0.0,0.0,0.0,0.0,0.0,0.0,0.0,0.0,0.0,0.0,0.0,0.0,0.0,0.0,0.0,0.0,0.0,0.0,-2.0,nba_DFs/player_bs_trad_2020-12-22.csv
0022000002,1610612746,LAC,LA,1630187,Daniel Oturu,,DNP - Coach's Decision                  ,,,,,,,,,,,,,,,,,,,,,nba_DFs/player_bs_trad_2020-12-22.csv
0022000002,1610612747,LAL,Los Angeles,2544,LeBron James,F,,28:21,7.0,17.0,0.412,3.0,8.0,0.375,5.0,7.0,0.714,2.0,3.0,5.0,5.0,0.0,0.0,4.0,2.0,22.0,2.0,nba_DFs/player_bs_trad_2020-12-22.csv
0022000002,1610612747,LAL,Los Angeles,203076,Anthony Davis,F,,30:53,8.0,15.0,0.533,0.0,2.0,0.0,2.0,2.0,1.0,0.0,7.0,7.0,2.0,0.0,0.0,4.0,1.0,18.0,-16.0,nba_DFs/player_bs_trad_2020-12-22.csv
0022000002,1610612747,LAL,Los Angeles,201188,Marc Gasol,C,,12:02,0.0,0.0,0.0,0.0,0.0,0.0,0.0,0.0,0.0,0.0,1.0,1.0,1.0,0.0,0.0,1.0,5.0,0.0,-8.0,nba_DFs/player_bs_trad_2020-12-22.csv
0022000002,1610612747,LAL,Los Angeles,203484,Kentavious Caldwell-Pope,G,,23:03,2.0,4.0,0.5,1.0,3.0,0.333,4.0,4.0,1.0,0.0,2.0,2.0,1.0,2.0,1.0,2.0,2.0,9.0,-9.0,nba_DFs/player_bs_trad_2020-12-22.csv
0022000002,1610612747,LAL,Los Angeles,203471,Dennis Schroder,G,,27:48,5.0,15.0,0.333,2.0,5.0,0.4,2.0,4.0,0.5,1.0,11.0,12.0,8.0,0.0,0.0,1.0,4.0,14.0,-10.0,nba_DFs/player_bs_trad_2020-12-22.csv
0022000002,1610612747,LAL,Los Angeles,1626149,Montrezl Harrell,,,32:15,6.0,7.0,0.857,0.0,0.0,0.0,5.0,7.0,0.714,4.0,6.0,10.0,3.0,0.0,1.0,1.0,1.0,17.0,-3.0,nba_DFs/player_bs_trad_2020-12-22.csv
0022000002,1610612747,LAL,Los Angeles,202083,Wesley Matthews,,,11:06,0.0,2.0,0.0,0.0,2.0,0.0,0.0,0.0,0.0,0.0,0.0,0.0,0.0,1.0,0.0,0.0,0.0,0.0,-18.0,nba_DFs/player_bs_trad_2020-12-22.csv
0022000002,1610612747,LAL,Los Angeles,1628398,Kyle Kuzma,,,26:38,6.0,11.0,0.545,1.0,3.0,0.333,2.0,2.0,1.0,0.0,1.0,1.0,0.0,0.0,0.0,2.0,2.0,15.0,1.0,nba_DFs/player_bs_trad_2020-12-22.csv
0022000002,1610612747,LAL,Los Angeles,202693,Markieff Morris,,,19:00,1.0,3.0,0.333,1.0,2.0,0.5,2.0,3.0,0.667,1.0,3.0,4.0,1.0,0.0,0.0,0.0,0.0,5.0,14.0,nba_DFs/player_bs_trad_2020-12-22.csv
0022000002,1610612747,LAL,Los Angeles,1627936,Alex Caruso,,,16:40,1.0,5.0,0.2,1.0,4.0,0.25,0.0,0.0,0.0,0.0,2.0,2.0,1.0,0.0,0.0,3.0,0.0,3.0,3.0,nba_DFs/player_bs_trad_2020-12-22.csv
0022000002,1610612747,LAL,Los Angeles,1629659,Talen Horton-Tucker,,,10:51,2.0,2.0,1.0,0.0,0.0,0.0,2.0,2.0,1.0,0.0,1.0,1.0,0.0,1.0,0.0,1.0,3.0,6.0,7.0,nba_DFs/player_bs_trad_2020-12-22.csv
0022000002,1610612747,LAL,Los Angeles,1626188,Quinn Cook,,,1:23,0.0,0.0,0.0,0.0,0.0,0.0,0.0,0.0,0.0,0.0,0.0,0.0,0.0,0.0,0.0,0.0,0.0,0.0,2.0,nba_DFs/player_bs_trad_2020-12-22.csv
0022000002,1610612747,LAL,Los Angeles,201162,Jared Dudley,,DNP - Coach's Decision                  ,,,,,,,,,,,,,,,,,,,,,nba_DFs/player_bs_trad_2020-12-22.csv
0022000002,1610612747,LAL,Los Angeles,1628035,Alfonzo McKinnie,,DNP - Coach's Decision                  ,,,,,,,,,,,,,,,,,,,,,nba_DFs/player_bs_trad_2020-12-22.csv
