,Player,Pos,Age,Tm,G,GS,MP,FG,FGA,FG%,3P,3PA,3P%,2P,2PA,2P%,eFG%,FT,FTA,FT%,ORB,DRB,TRB,AST,STL,BLK,TOV,PF,PTS
0,Precious Achiuwa,PF,21,MIA,11,2,17.8,3.2,5.3,.603,0.0,0.0,,3.2,5.3,.603,.603,1.8,3.3,.556,2.2,3.5,5.7,1.0,0.2,0.4,1.5,2.5,8.2
1,Jaylen Adams,PG,24,MIL,1,0,1.0,0.0,1.0,.000,0.0,1.0,.000,0.0,0.0,,.000,0.0,0.0,,0.0,0.0,0.0,0.0,0.0,0.0,0.0,0.0,0.0
2,Steven Adams,C,27,NOP,12,12,31.2,4.3,6.6,.646,0.0,0.0,,4.3,6.6,.646,.646,1.6,3.1,.514,3.7,5.3,9.0,2.8,1.2,0.8,1.8,1.8,10.1
3,Bam Adebayo,C,23,MIA,9,9,30.8,6.7,10.2,.652,0.0,0.0,,6.7,10.2,.652,.652,5.2,6.2,.839,1.1,7.7,8.8,5.1,0.9,1.2,3.2,2.6,18.6
4,LaMarcus Aldridge,C,35,SAS,10,10,28.3,5.8,13.7,.423,1.1,4.0,.275,4.7,9.7,.485,.464,0.9,1.1,.818,0.9,4.1,5.0,2.5,0.5,0.7,1.3,2.1,13.6
5,Ty-Shon Alexander,SG,22,PHO,3,0,2.7,0.0,1.0,.000,0.0,0.3,.000,0.0,0.7,.000,.000,0.0,0.0,,0.0,0.3,0.3,0.3,0.0,0.0,0.0,0.3,0.0
6,Nickeil Alexander-Walker,SG,22,NOP,10,3,19.0,4.4,9.3,.473,1.5,3.9,.385,2.9,5.4,.537,.554,1.0,1.3,.769,0.3,2.5,2.8,1.8,0.9,0.1,1.5,2.2,11.3
7,Grayson Allen,SG,25,MEM,11,4,21.1,2.1,5.8,.359,1.5,4.1,.356,0.6,1.7,.368,.484,1.6,1.8,.900,0.5,2.1,2.6,1.9,1.0,0.3,0.9,0.9,7.3
8,Jarrett Allen,C,22,BRK,12,5,26.7,3.7,5.4,.677,0.0,0.0,,3.7,5.4,.677,.677,3.8,5.1,.754,3.2,7.3,10.4,1.7,0.6,1.6,1.8,1.8,11.2
9,Kyle Anderson,PF,27,MEM,12,12,29.8,4.7,11.2,.418,1.4,4.3,.327,3.3,6.8,.476,.481,2.0,2.5,.800,0.9,6.3,7.2,4.3,0.5,0.8,1.8,1.8,12.8
10,Giannis Antetokounmpo,PF,26,MIL,12,12,31.1,9.7,18.1,.535,1.5,4.9,.305,8.2,13.2,.620,.576,5.8,10.0,.575,1.8,8.3,10.0,5.2,1.2,1.2,3.7,3.4,26.6
11,Kostas Antetokounmpo,PF,23,LAL,1,0,8.0,0.0,2.0,.000,0.0,0.0,,0.0,2.0,.000,.000,0.0,0.0,,0.0,4.0,4.0,0.0,0.0,2.0,2.0,1.0,0.0
12,Thanasis Antetokounmpo,SF,28,MIL,12,0,10.3,1.2,1.8,.636,0.2,0.6,.286,1.0,1.3,.800,.682,0.2,0.3,.667,1.0,1.0,2.0,1.0,0.3,0.1,1.1,1.8,2.7
13,Carmelo Anthony,PF,36,POR,12,0,24.8,3.8,9.4,.398,1.8,4.1,.429,2.0,5.3,.375,.491,2.8,3.3,.846,0.3,2.8,3.1,1.2,0.8,0.5,0.8,2.3,12.0
14,Cole Anthony,PG,20,ORL,13,5,24.1,3.7,11.1,.333,0.7,3.4,.205,3.0,7.7,.390,.365,2.3,2.6,.882,0.9,3.3,4.2,3.5,0.7,0.2,1.8,1.8,10.4
15,OG Anunoby,SF,23,TOR,12,12,34.8,4.5,9.8,.462,2.0,5.8,.348,2.5,4.0,.625,.564,2.1,2.9,.714,1.3,4.0,5.3,1.7,2.1,0.6,1.7,2.8,13.1
16,Ryan Arcidiacono,PG,26,CHI,3,0,15.0,1.3,4.0,.333,0.7,2.7,.250,0.7,1.3,.500,.417,1.3,1.7,.800,0.0,3.3,3.3,3.0,0.7,0.0,0.7,1.3,4.7
17,D.J. Augustin,PG,33,MIL,12,0,18.5,1.8,5.0,.367,1.3,3.3,.385,0.6,1.8,.333,.492,1.2,1.2,1.000,0.6,0.8,1.3,2.8,0.4,0.0,1.1,0.5,6.1
18,Deni Avdija,SF,20,WAS,11,11,23.2,2.5,5.6,.452,1.5,3.2,.457,1.1,2.5,.444,.581,0.5,0.7,.625,0.4,3.6,4.0,2.2,1.0,0.3,0.6,2.6,7.0
19,Deandre Ayton,C,22,PHO,11,11,30.2,5.5,9.6,.566,0.1,0.4,.250,5.4,9.3,.578,.571,1.5,2.3,.640,2.9,8.4,11.3,1.8,0.4,1.0,1.8,3.4,12.5
20,,,,,,,,,,,,,,,,,,,,,,,,,,,,,
21,Udoka Azubuike,C,21,UTA,6,0,5.0,0.5,0.8,.600,0.0,0.0,,0.5,0.8,.600,.600,0.3,0.7,.500,0.3,0.7,1.0,0.0,0.2,0.2,0.3,0.7,1.3
22,Dwayne Bacon,SG,25,ORL,13,13,25.5,4.0,9.3,.430,0.6,2.1,.296,3.4,7.2,.468,.463,1.2,1.7,.682,0.5,2.7,3.2,0.8,0.5,0.2,0.7,1.6,9.8
23,Marvin Bagley III,PF,21,SAC,14,14,26.1,5.4,11.5,.466,1.0,2.8,.359,4.4,8.7,.500,.509,2.0,3.4,.596,2.1,5.6,7.8,0.9,0.4,0.6,1.8,2.5,13.7
24,LaMelo Ball,PG,19,CHO,14,0,25.2,4.4,11.0,.403,1.6,4.7,.333,2.9,6.3,.455,.474,1.4,2.0,.679,1.8,5.0,6.8,6.1,1.5,0.4,2.1,2.6,11.8
25,Lonzo Ball,PG,23,NOP,9,9,33.4,4.8,12.1,.394,2.2,7.2,.308,2.6,4.9,.523,.486,0.7,1.1,.600,0.4,3.9,4.3,4.4,1.1,0.7,2.9,2.9,12.4
26,Mo Bamba,C,22,ORL,4,0,8.3,2.0,4.5,.444,0.5,1.8,.286,1.5,2.8,.545,.500,0.5,0.8,.667,1.3,2.3,3.5,0.5,0.0,0.5,0.5,2.5,5.0
27,Desmond Bane,SG,22,MEM,12,0,21.9,3.1,6.5,.474,1.8,3.6,.488,1.3,2.9,.457,.609,0.6,0.8,.778,0.4,2.5,2.9,1.0,0.7,0.0,1.0,1.9,8.5
28,Harrison Barnes,PF,28,SAC,14,14,35.1,5.6,11.4,.491,1.4,3.6,.400,4.1,7.8,.532,.553,3.8,4.6,.815,0.9,5.4,6.4,3.2,0.7,0.2,1.5,1.0,16.4
29,RJ Barrett,SG,20,NYK,14,14,36.9,6.1,15.6,.388,1.0,4.4,.226,5.1,11.2,.452,.420,3.6,4.9,.739,1.6,5.9,7.4,3.4,0.9,0.3,1.8,2.2,16.8
30,Will Barton,SF,30,DEN,13,9,28.9,4.3,10.5,.409,1.5,4.1,.358,2.8,6.5,.440,.478,1.2,1.8,.667,0.7,3.6,4.3,2.9,1.1,0.7,0.9,1.8,11.3
31,Keita Bates-Diop,SF,25,SAS,2,0,1.0,0.0,0.5,.000,0.0,0.0,,0.0,0.5,.000,.000,0.0,0.0,,0.0,0.0,0.0,0.0,0.0,0.0,0.0,0.0,0.0
32,Nicolas Batum,SF,32,LAC,14,14,28.2,3.3,6.8,.484,1.9,4.4,.426,1.4,2.4,.588,.621,1.4,1.6,.870,1.1,4.2,5.4,2.7,1.2,0.2,0.6,2.3,9.9
33,Aron Baynes,C,34,TOR,9,9,16.3,2.0,5.3,.375,0.3,2.0,.167,1.7,3.3,.500,.406,0.0,0.0,,1.3,3.6,4.9,0.4,0.1,0.0,0.9,2.2,4.3
34,Kent Bazemore,SF,31,GSW,10,0,15.8,1.9,3.8,.500,0.8,1.6,.500,1.1,2.2,.500,.605,0.4,0.7,.571,0.3,2.4,2.7,2.0,0.8,0.5,1.2,1.8,5.0
35,Darius Bazley,PF,20,OKC,12,12,29.6,3.9,10.5,.373,1.3,4.7,.268,2.7,5.8,.457,.433,1.3,1.6,.842,0.8,6.8,7.6,1.5,0.6,1.0,1.9,1.3,10.4
36,Bradley Beal,SG,27,WAS,10,10,35.9,12.1,24.5,.494,2.4,6.4,.375,9.7,18.1,.536,.543,8.3,9.5,.874,1.5,3.8,5.3,5.0,1.4,0.7,3.3,2.5,34.9
37,Malik Beasley,SG,24,MIN,11,11,32.5,7.5,16.3,.458,2.6,6.8,.387,4.8,9.5,.510,.539,2.6,3.0,.879,0.7,4.0,4.7,2.0,0.5,0.3,1.2,1.3,20.2
38,DeAndre' Bembry,SF,26,TOR,5,0,3.6,0.4,0.8,.500,0.0,0.0,,0.4,0.8,.500,.500,0.0,0.0,,0.0,0.6,0.6,0.4,0.2,0.2,0.8,0.4,0.8
39,Dāvis Bertāns,PF,28,WAS,11,0,24.0,3.5,9.3,.373,2.8,7.8,.360,0.6,1.5,.438,.525,2.1,2.5,.821,0.5,2.5,3.1,1.4,0.5,0.3,0.5,2.1,11.8
40,Patrick Beverley,PG,32,LAC,13,13,26.4,2.9,6.9,.422,2.0,4.5,.441,0.9,2.4,.387,.567,1.0,1.3,.765,1.4,2.9,4.3,2.2,0.8,0.8,0.8,3.6,8.8
41,,,,,,,,,,,,,,,,,,,,,,,,,,,,,
42,Saddiq Bey,SF,21,DET,11,3,21.9,3.0,8.1,.371,2.4,5.5,.426,0.6,2.5,.250,.517,1.6,2.1,.783,0.5,3.6,4.1,0.7,0.5,0.0,0.6,1.7,10.0
43,Tyler Bey,SF,22,DAL,2,0,1.5,0.0,1.0,.000,0.0,0.0,,0.0,1.0,.000,.000,0.5,1.0,.500,0.0,0.5,0.5,0.0,0.0,0.0,0.0,0.0,0.5
44,Khem Birch,C,28,ORL,13,0,21.2,3.0,5.6,.534,0.1,0.3,.250,2.9,5.3,.551,.541,1.8,2.0,.885,2.7,3.4,6.1,1.1,0.8,0.4,0.5,2.0,7.8
45,Goga Bitadze,C,21,IND,1,0,16.0,2.0,5.0,.400,0.0,1.0,.000,2.0,4.0,.500,.400,1.0,2.0,.500,1.0,1.0,2.0,0.0,2.0,1.0,1.0,2.0,5.0
46,Bismack Biyombo,C,28,CHO,14,13,26.9,3.2,5.8,.556,0.0,0.1,.000,3.2,5.7,.563,.556,1.1,2.5,.457,2.7,4.6,7.3,1.8,0.2,1.4,1.3,2.6,7.6
47,Nemanja Bjelica,PF,32,SAC,10,0,15.1,2.1,5.1,.412,0.5,2.1,.238,1.6,3.0,.533,.461,1.9,2.3,.826,1.0,2.6,3.6,1.9,0.0,0.2,1.2,2.0,6.6
48,Eric Bledsoe,SG,31,NOP,11,10,29.1,4.5,9.8,.454,1.9,4.7,.404,2.5,5.1,.500,.551,1.4,1.8,.750,0.5,2.7,3.3,3.8,1.0,0.4,2.1,1.7,12.2
49,Keljin Blevins,SF,25,POR,4,0,5.0,0.3,1.5,.167,0.0,0.8,.000,0.3,0.8,.333,.167,0.0,0.0,,0.0,0.0,0.0,1.0,0.3,0.0,0.8,0.8,0.5
50,Bogdan Bogdanović,SG,28,ATL,9,2,23.7,3.3,8.7,.385,2.3,6.4,.362,1.0,2.2,.450,.519,0.9,1.0,.889,0.2,3.6,3.8,2.1,0.4,0.1,1.2,2.0,9.9
51,Bojan Bogdanović,SF,31,UTA,13,13,30.3,4.7,12.0,.391,2.5,6.5,.388,2.2,5.5,.394,.497,1.5,2.0,.769,0.7,2.8,3.5,1.7,0.2,0.1,1.6,1.5,13.5
52,Bol Bol,PF,21,DEN,7,2,6.6,0.7,1.7,.417,0.3,0.9,.333,0.4,0.9,.500,.500,0.0,0.0,,0.0,0.7,0.7,0.1,0.0,0.4,0.7,1.0,1.7
53,Marques Bolden,C,22,CLE,6,0,4.8,0.2,0.5,.333,0.0,0.0,,0.2,0.5,.333,.333,0.8,1.3,.625,0.5,0.5,1.0,0.0,0.3,0.3,0.3,0.0,1.2
54,Jordan Bone,PG,23,ORL,8,0,17.5,2.0,4.5,.444,0.6,2.4,.263,1.4,2.1,.647,.514,0.0,0.0,,0.4,2.1,2.5,1.4,0.3,0.0,0.3,0.6,4.6
55,Isaac Bonga,SF,21,WAS,8,4,11.8,1.1,1.8,.643,0.8,1.3,.600,0.4,0.5,.750,.857,0.0,0.1,.000,0.4,1.9,2.3,0.8,0.3,0.4,0.4,1.6,3.0
56,Devin Booker,SG,24,PHO,11,11,35.5,8.1,16.6,.486,2.1,6.0,.348,6.0,10.6,.564,.549,4.7,5.8,.813,0.3,3.0,3.3,4.3,1.1,0.4,4.0,3.0,23.0
57,Chris Boucher,C,28,TOR,12,0,23.5,5.4,9.1,.596,1.8,3.7,.477,3.7,5.4,.677,.693,3.1,4.0,.771,2.1,4.7,6.8,1.0,0.6,2.5,0.6,2.9,15.7
58,Brian Bowen,SF,22,IND,1,0,5.0,1.0,2.0,.500,0.0,0.0,,1.0,2.0,.500,.500,1.0,1.0,1.000,0.0,1.0,1.0,0.0,0.0,0.0,0.0,0.0,3.0
59,Avery Bradley,SG,30,MIA,7,1,22.9,3.6,7.3,.490,1.9,4.1,.448,1.7,3.1,.545,.618,1.0,1.3,.778,0.1,1.7,1.9,1.7,0.9,0.1,0.7,2.6,10.0
60,Tony Bradley,C,23,PHI,5,0,13.4,2.2,4.6,.478,0.0,0.2,.000,2.2,4.4,.500,.478,0.2,0.6,.333,2.8,3.8,6.6,0.6,0.6,1.0,0.2,1.2,4.6
61,Jarrell Brantley,PF,24,UTA,1,0,6.0,0.0,1.0,.000,0.0,1.0,.000,0.0,0.0,,.000,0.0,0.0,,1.0,0.0,1.0,0.0,0.0,1.0,0.0,2.0,0.0
62,,,,,,,,,,,,,,,,,,,,,,,,,,,,,
63,Ignas Brazdeikis,SF,22,NYK,4,0,1.8,0.0,0.3,.000,0.0,0.0,,0.0,0.3,.000,.000,0.5,0.5,1.000,0.3,0.3,0.5,0.3,0.0,0.0,0.3,0.0,0.5
64,Mikal Bridges,SF,24,PHO,11,11,32.7,5.2,10.3,.504,2.6,5.8,.453,2.5,4.5,.571,.633,2.1,2.4,.885,1.3,4.1,5.4,1.3,0.5,1.2,0.3,1.9,15.1
65,Miles Bridges,PF,22,CHO,14,0,25.9,3.4,7.6,.449,1.4,3.5,.408,2.0,4.1,.483,.542,1.0,1.1,.933,1.0,4.1,5.1,2.0,0.8,1.0,1.8,2.4,9.3
66,Malcolm Brogdon,PG,28,IND,13,13,36.6,8.5,18.1,.468,3.0,6.9,.433,5.5,11.2,.490,.551,2.3,2.6,.882,0.7,3.3,4.0,7.5,1.8,0.2,1.7,1.8,22.2
67,Dillon Brooks,SF,25,MEM,12,12,29.8,6.3,16.3,.383,2.1,6.5,.321,4.2,9.8,.424,.446,1.6,2.0,.792,1.4,2.7,4.1,3.1,1.5,0.4,2.6,3.6,16.2
68,Bruce Brown,PG,24,BRK,10,5,16.1,2.5,4.4,.568,0.2,1.1,.182,2.3,3.3,.697,.591,0.3,0.5,.600,0.9,3.3,4.2,1.2,0.2,0.4,1.4,1.6,5.5
69,Jaylen Brown,SG,24,BOS,12,12,33.6,9.8,18.6,.529,2.4,5.9,.408,7.4,12.7,.586,.594,3.7,4.6,.800,1.3,4.6,5.8,3.8,1.6,0.6,2.8,2.8,25.8
70,Moses Brown,C,21,OKC,4,0,4.0,0.8,1.3,.600,0.0,0.0,,0.8,1.3,.600,.600,1.3,3.0,.417,0.5,1.5,2.0,0.3,0.3,0.5,0.0,0.5,2.8
71,Sterling Brown,SG,25,HOU,10,1,20.5,3.2,6.2,.516,1.7,3.7,.459,1.5,2.5,.600,.653,0.4,0.4,1.000,0.8,2.4,3.2,1.0,1.0,0.0,0.4,1.8,8.5
72,Troy Brown Jr.,SF,21,WAS,7,0,17.6,1.9,4.3,.433,0.9,2.6,.333,1.0,1.7,.583,.533,0.0,0.4,.000,0.7,2.4,3.1,1.1,0.3,0.1,0.7,2.0,4.6
73,Jalen Brunson,PG,24,DAL,8,1,19.1,4.0,8.1,.492,0.9,2.8,.318,3.1,5.4,.581,.546,2.3,2.5,.900,0.0,2.5,2.5,3.5,0.5,0.0,1.8,1.1,11.1
74,Thomas Bryant,C,23,WAS,10,10,27.1,5.9,9.1,.648,0.9,2.1,.429,5.0,7.0,.714,.698,1.6,2.4,.667,1.8,4.3,6.1,1.5,0.4,0.8,1.1,3.1,14.3
75,Reggie Bullock,SF,29,NYK,12,12,28.8,3.3,8.3,.390,1.5,4.6,.327,1.8,3.8,.467,.480,0.3,0.6,.571,0.4,4.1,4.5,1.3,0.8,0.2,0.9,2.7,8.3
76,Trey Burke,PG,28,DAL,11,0,21.3,3.4,8.3,.407,1.8,4.3,.426,1.5,4.0,.386,.516,1.0,1.4,.733,0.3,1.5,1.7,1.8,0.5,0.2,0.8,1.9,9.5
77,Alec Burks,SG,29,NYK,3,0,27.7,5.7,10.7,.531,3.3,5.0,.667,2.3,5.7,.412,.688,6.0,6.7,.900,0.0,3.7,3.7,3.7,1.0,0.7,2.3,3.3,20.7
78,Jimmy Butler,SF,31,MIA,6,6,29.0,5.7,12.8,.442,0.0,1.2,.000,5.7,11.7,.486,.442,4.5,4.8,.931,1.7,3.8,5.5,5.3,2.2,0.7,1.8,0.7,15.8
79,Bruno Caboclo,PF,25,HOU,6,0,6.0,1.3,2.8,.471,0.0,0.8,.000,1.3,2.0,.667,.471,0.2,0.3,.500,0.5,1.8,2.3,0.2,0.0,0.3,0.7,1.0,2.8
80,Kentavious Caldwell-Pope,SG,27,LAL,10,10,23.0,3.8,7.1,.535,2.1,3.8,.553,1.7,3.3,.515,.683,1.0,1.1,.909,0.5,1.5,2.0,1.4,1.2,0.3,0.8,1.5,10.7
81,Facundo Campazzo,PG,29,DEN,12,0,12.2,1.4,3.4,.415,1.0,2.4,.414,0.4,1.0,.417,.561,0.8,1.1,.769,0.1,0.8,0.9,1.4,0.6,0.1,0.8,2.2,4.7
82,Vlatko Čančar,PF,23,DEN,4,0,2.5,0.0,0.5,.000,0.0,0.3,.000,0.0,0.3,.000,.000,0.0,0.0,,0.3,0.0,0.3,0.0,0.3,0.3,0.5,0.0,0.0
83,,,,,,,,,,,,,,,,,,,,,,,,,,,,,
84,Clint Capela,C,26,ATL,10,10,27.5,5.3,9.2,.576,0.0,0.0,,5.3,9.2,.576,.576,1.5,3.0,.500,3.6,9.3,12.9,1.0,0.6,1.2,1.2,2.1,12.1
85,Vernon Carey Jr.,C,19,CHO,3,0,2.0,0.3,1.0,.333,0.0,0.3,.000,0.3,0.7,.500,.333,0.3,0.7,.500,0.7,0.3,1.0,0.3,0.0,0.3,0.0,0.0,1.0
86,Jevon Carter,PG,25,PHO,11,0,13.2,1.5,3.9,.372,0.5,2.5,.222,0.9,1.5,.625,.442,0.0,0.0,,0.1,1.5,1.5,0.9,0.6,0.5,0.2,1.6,3.5
87,Wendell Carter Jr.,C,21,CHI,13,13,27.4,4.7,8.8,.530,0.3,1.2,.267,4.4,7.7,.570,.548,3.3,4.6,.717,2.3,5.7,8.0,2.5,0.6,0.7,1.8,3.2,13.0
88,Michael Carter-Williams,SG,29,ORL,7,2,22.9,2.1,6.3,.341,0.1,1.7,.083,2.0,4.6,.438,.352,0.7,0.9,.833,2.1,3.0,5.1,1.7,0.6,0.6,1.3,2.7,5.1
89,Alex Caruso,PG,26,LAL,9,0,17.4,2.0,4.0,.500,1.6,2.7,.583,0.4,1.3,.333,.694,0.1,0.2,.500,0.3,2.3,2.7,2.2,1.1,0.2,1.2,1.0,5.7
90,Willie Cauley-Stein,C,27,DAL,12,6,19.3,2.5,3.9,.638,0.0,0.2,.000,2.5,3.8,.667,.638,1.3,2.0,.625,1.7,4.3,6.0,0.9,0.3,0.7,0.7,2.8,6.3
91,Chris Chiozza,PG,25,BRK,6,0,13.8,1.5,6.0,.250,0.7,2.5,.267,0.8,3.5,.238,.306,0.7,1.0,.667,0.5,0.8,1.3,3.0,0.7,0.5,1.0,0.8,4.3
92,Marquese Chriss,PF,23,GSW,2,0,13.5,2.5,7.0,.357,0.5,2.5,.200,2.0,4.5,.444,.393,1.0,2.0,.500,1.5,5.0,6.5,1.0,0.0,1.0,1.0,1.5,6.5
93,Gary Clark,SF,26,ORL,10,2,20.9,1.1,3.7,.297,0.7,2.8,.250,0.4,0.9,.444,.392,0.4,0.5,.800,1.1,2.8,3.9,0.6,0.4,0.2,0.9,1.2,3.3
94,Brandon Clarke,PF,24,MEM,12,8,28.8,5.7,12.3,.459,0.5,2.2,.231,5.2,10.2,.508,.480,1.1,2.2,.500,2.0,4.2,6.2,1.8,1.0,0.8,0.8,1.8,12.9
95,Jordan Clarkson,SG,28,UTA,13,0,25.0,6.7,13.4,.500,3.0,7.0,.429,3.7,6.4,.578,.612,1.2,1.2,.938,1.1,3.5,4.6,1.8,1.0,0.3,2.0,1.4,17.5
96,Amir Coffey,SG,23,LAC,10,0,5.3,0.7,1.7,.412,0.3,0.7,.429,0.4,1.0,.400,.500,0.2,0.5,.400,0.2,0.1,0.3,0.4,0.0,0.0,0.1,0.3,1.9
97,John Collins,PF,23,ATL,12,12,28.2,6.0,11.3,.529,1.1,3.2,.342,4.9,8.2,.602,.577,2.6,3.3,.795,2.3,5.0,7.3,1.6,0.7,0.8,1.2,3.3,15.7
98,Mike Conley,PG,33,UTA,13,13,30.1,5.9,13.0,.456,2.9,6.9,.422,3.0,6.1,.494,.568,2.1,3.0,.692,1.0,3.2,4.2,6.0,1.3,0.1,2.2,2.0,16.8
99,Pat Connaughton,SG,28,MIL,10,0,16.9,2.1,4.7,.447,1.6,3.3,.485,0.5,1.4,.357,.617,0.2,0.2,1.000,1.0,2.8,3.8,1.4,0.8,0.4,0.1,1.2,6.0
100,Quinn Cook,PG,27,LAL,10,0,3.7,0.7,1.5,.467,0.4,0.8,.500,0.3,0.7,.429,.600,0.4,0.5,.800,0.0,0.2,0.2,0.3,0.1,0.0,0.1,0.1,2.2
101,DeMarcus Cousins,C,30,HOU,8,1,14.0,2.3,6.6,.340,1.0,3.1,.320,1.3,3.5,.357,.415,1.6,2.3,.722,1.1,4.8,5.9,1.6,0.8,1.0,1.3,1.9,7.1
102,Robert Covington,PF,30,POR,13,13,30.2,2.2,7.2,.298,1.6,5.2,.309,0.5,2.0,.269,.410,0.5,0.6,.875,0.6,5.3,5.9,1.8,1.4,0.5,1.2,2.8,6.5
103,Torrey Craig,SF,30,MIL,2,0,6.5,0.0,0.5,.000,0.0,0.0,,0.0,0.5,.000,.000,0.0,0.0,,0.0,2.0,2.0,1.0,0.0,0.5,0.5,1.0,0.0
104,,,,,,,,,,,,,,,,,,,,,,,,,,,,,
105,Jae Crowder,PF,30,PHO,11,11,28.8,3.3,8.1,.404,2.3,6.5,.352,1.0,1.6,.611,.545,1.1,1.3,.857,0.4,4.5,4.9,2.3,0.6,0.1,0.6,2.4,9.9
106,Jarrett Culver,SG,21,MIN,11,7,22.5,3.0,6.8,.440,0.5,2.0,.227,2.5,4.8,.528,.473,0.9,1.7,.526,1.9,3.7,5.6,1.1,0.5,0.3,1.5,2.3,7.4
107,Seth Curry,SG,30,PHI,8,8,30.0,5.9,9.8,.603,3.1,5.3,.595,2.8,4.5,.611,.763,2.1,2.1,1.000,0.1,2.1,2.3,3.6,0.8,0.4,1.5,1.8,17.0
108,Stephen Curry,PG,32,GSW,12,12,34.5,9.2,20.5,.447,4.2,11.1,.376,5.0,9.4,.531,.549,5.9,6.3,.934,0.8,4.8,5.6,6.2,1.3,0.2,3.4,2.3,28.4
109,Anthony Davis,PF,27,LAL,12,12,31.9,8.5,15.6,.545,1.1,2.9,.371,7.4,12.7,.586,.580,3.6,4.8,.754,1.8,6.6,8.3,3.1,1.3,1.8,1.8,1.4,21.7
110,Ed Davis,C,31,MIN,8,4,13.9,1.0,2.6,.381,0.0,0.0,,1.0,2.6,.381,.381,0.4,0.5,.750,2.4,3.1,5.5,0.8,0.4,0.5,0.3,2.3,2.4
111,Terence Davis,SG,23,TOR,7,0,12.1,2.6,5.6,.462,1.3,3.1,.409,1.3,2.4,.529,.577,0.7,0.7,1.000,0.1,1.4,1.6,1.1,0.4,0.1,0.9,1.3,7.1
112,DeMar DeRozan,SF,31,SAS,11,11,34.7,7.2,15.6,.459,0.8,2.4,.346,6.4,13.3,.479,.485,5.5,6.3,.884,0.9,4.8,5.7,6.7,1.0,0.7,1.5,2.0,20.7
113,Hamidou Diallo,SG,22,OKC,12,0,20.4,4.4,8.2,.541,0.3,1.1,.308,4.1,7.1,.576,.561,2.2,3.3,.667,0.8,4.1,4.9,1.8,1.0,0.3,1.3,2.3,11.3
114,Gorgui Dieng,C,31,MEM,9,0,17.0,3.1,6.0,.519,1.1,2.7,.417,2.0,3.3,.600,.611,0.8,0.8,1.000,1.2,3.3,4.6,1.6,1.0,0.6,1.1,1.6,8.1
115,Spencer Dinwiddie,SG,27,BRK,3,3,21.3,2.0,5.3,.375,0.7,2.3,.286,1.3,3.0,.444,.438,2.0,2.0,1.000,0.0,4.3,4.3,3.0,0.7,0.3,1.7,1.3,6.7
116,Donte DiVincenzo,SG,24,MIL,13,13,25.1,3.8,8.5,.450,2.2,4.8,.444,1.7,3.7,.458,.577,0.5,0.6,.750,0.8,3.3,4.1,2.5,1.5,0.2,1.2,1.2,10.3
117,Luka Dončić,PG,21,DAL,11,11,34.5,10.2,21.9,.465,2.3,7.6,.298,7.9,14.3,.554,.517,5.6,7.6,.738,1.3,8.9,10.2,9.4,1.2,0.8,4.4,1.8,28.3
118,Luguentz Dort,SG,21,OKC,12,12,28.6,4.3,9.4,.460,2.3,5.4,.431,2.0,4.0,.500,.584,1.8,2.3,.786,0.8,3.1,3.8,0.8,1.2,0.3,1.2,2.5,12.8
119,Damyean Dotson,SG,26,CLE,12,6,26.5,3.5,8.6,.408,1.2,4.5,.259,2.3,4.1,.571,.476,0.8,1.3,.667,0.2,1.5,1.7,3.0,0.7,0.2,1.1,1.1,9.0
120,Devon Dotson,PG,21,CHI,1,0,10.0,2.0,4.0,.500,0.0,0.0,,2.0,4.0,.500,.500,0.0,0.0,,0.0,1.0,1.0,0.0,0.0,0.0,0.0,1.0,4.0
121,Sekou Doumbouya,PF,20,DET,11,0,11.9,1.5,4.4,.354,0.6,1.6,.389,0.9,2.7,.333,.427,0.7,0.8,.889,0.6,1.8,2.5,0.5,0.4,0.2,0.2,1.3,4.5
122,PJ Dozier,SG,24,DEN,13,0,20.8,2.6,5.8,.447,0.8,2.1,.407,1.8,3.8,.469,.520,0.8,1.3,.647,1.1,3.5,4.5,1.4,0.5,0.7,0.8,1.8,6.9
123,Goran Dragić,PG,34,MIA,9,0,24.2,5.1,10.4,.489,1.6,4.3,.359,3.6,6.1,.582,.564,2.7,3.2,.828,0.6,1.8,2.3,5.6,0.6,0.0,3.0,2.3,14.4
124,Andre Drummond,C,27,CLE,12,12,32.3,7.8,16.5,.475,0.0,0.6,.000,7.8,15.9,.492,.475,3.6,6.4,.558,4.4,11.3,15.8,2.9,1.7,1.6,3.8,3.2,19.3
125,,,,,,,,,,,,,,,,,,,,,,,,,,,,,
126,Jared Dudley,PF,35,LAL,6,0,3.7,0.2,0.2,1.000,0.2,0.2,1.000,0.0,0.0,,1.500,0.0,0.0,,0.2,0.8,1.0,0.2,0.0,0.0,0.0,0.0,0.5
127,Kevin Durant,PF,32,BRK,10,10,34.9,10.3,18.8,.548,2.9,6.0,.483,7.4,12.8,.578,.625,7.2,8.3,.867,0.4,6.5,6.9,5.7,0.9,1.0,3.9,1.8,30.7
128,Anthony Edwards,SG,19,MIN,11,0,24.7,4.8,12.7,.379,1.5,5.5,.267,3.4,7.3,.463,.436,1.5,1.9,.762,1.1,1.8,2.9,1.9,0.5,0.2,1.8,1.7,12.5
129,Carsen Edwards,SG,22,BOS,4,0,7.3,1.5,3.8,.400,0.3,1.3,.200,1.3,2.5,.500,.433,0.0,0.0,,0.3,0.5,0.8,0.5,0.0,0.3,0.3,0.8,3.3
130,CJ Elleby,SF,20,POR,6,0,5.7,0.8,1.3,.625,0.3,0.8,.400,0.5,0.5,1.000,.750,0.3,0.5,.667,0.2,0.2,0.3,0.3,0.0,0.2,0.2,1.2,2.3
131,Wayne Ellington,SG,33,DET,7,4,17.6,3.0,6.3,.477,1.9,4.6,.406,1.1,1.7,.667,.625,0.1,0.1,1.000,0.4,1.3,1.7,0.4,0.3,0.4,0.4,1.6,8.0
132,Joel Embiid,C,26,PHI,11,11,31.3,8.2,15.3,.536,1.2,3.0,.394,7.0,12.3,.570,.574,7.5,8.8,.845,1.6,9.8,11.5,2.9,1.4,1.5,3.2,2.1,25.0
133,James Ennis,SF,30,ORL,6,5,16.8,1.5,4.0,.375,0.2,1.3,.125,1.3,2.7,.500,.396,0.7,0.7,1.000,0.7,1.5,2.2,0.8,0.8,0.2,1.2,1.8,3.8
134,Drew Eubanks,PF,23,SAS,3,0,19.3,1.0,4.3,.231,0.0,0.0,,1.0,4.3,.231,.231,1.0,1.3,.750,0.3,4.0,4.3,0.3,0.3,2.0,0.3,2.3,3.0
135,Dante Exum,SG,25,CLE,6,3,19.3,1.7,4.3,.385,0.3,1.8,.182,1.3,2.5,.533,.423,0.2,0.3,.500,0.3,2.5,2.8,2.2,0.7,0.3,1.2,1.5,3.8
136,Tacko Fall,C,25,BOS,3,0,11.0,1.7,2.3,.714,0.0,0.0,,1.7,2.3,.714,.714,0.7,1.3,.500,1.0,3.3,4.3,0.0,0.0,2.0,0.0,1.7,4.0
137,Derrick Favors,C,29,UTA,13,0,16.2,2.5,4.2,.582,0.0,0.0,,2.5,4.2,.582,.582,0.8,1.2,.667,1.8,3.8,5.6,1.1,0.4,1.2,0.5,2.5,5.7
138,Cristiano Felício,C,28,CHI,1,0,6.0,0.0,1.0,.000,0.0,0.0,,0.0,1.0,.000,.000,0.0,2.0,.000,2.0,1.0,3.0,2.0,0.0,0.0,0.0,0.0,0.0
139,Terrance Ferguson,SG,22,PHI,5,0,3.6,0.0,0.6,.000,0.0,0.6,.000,0.0,0.0,,.000,0.0,0.0,,0.0,0.2,0.2,0.2,0.0,0.0,0.2,0.4,0.0
140,Bruno Fernando,C,22,ATL,8,0,11.1,0.8,1.8,.429,0.0,0.3,.000,0.8,1.5,.500,.429,0.3,0.6,.400,1.1,3.5,4.6,0.8,0.3,0.1,1.3,1.1,1.8
141,Yogi Ferrell,G,27,CLE,2,0,20.0,4.0,10.5,.381,1.5,4.5,.333,2.5,6.0,.417,.452,0.0,1.0,.000,1.5,2.0,3.5,2.5,1.5,0.5,1.5,2.0,9.5
142,Dorian Finney-Smith,PF,27,DAL,8,8,29.4,3.4,8.1,.415,1.8,5.4,.326,1.6,2.8,.591,.523,0.8,0.9,.857,1.4,3.6,5.0,1.0,1.4,0.6,0.5,3.0,9.3
143,Malachi Flynn,PG,22,TOR,8,0,9.8,1.0,3.6,.276,0.5,2.0,.250,0.5,1.6,.308,.345,0.0,0.0,,0.0,0.9,0.9,1.3,0.4,0.0,0.3,0.9,2.5
144,Bryn Forbes,SG,27,MIL,13,0,17.1,2.8,6.3,.451,1.6,3.8,.429,1.2,2.5,.485,.579,0.5,0.8,.600,0.2,0.9,1.1,0.4,0.3,0.0,0.8,1.2,7.8
145,Trent Forrest,PG,22,UTA,2,0,4.5,0.0,0.0,,0.0,0.0,,0.0,0.0,,,1.0,1.0,1.000,0.0,0.0,0.0,0.5,0.5,0.0,0.0,1.0,1.0
146,,,,,,,,,,,,,,,,,,,,,,,,,,,,,
147,Evan Fournier,SF,28,ORL,5,5,25.4,4.6,9.0,.511,1.6,4.6,.348,3.0,4.4,.682,.600,4.0,4.6,.870,0.4,1.2,1.6,2.0,1.4,0.0,1.8,2.6,14.8
148,De'Aaron Fox,PG,23,SAC,14,14,30.7,7.4,15.5,.475,1.4,4.1,.345,5.9,11.4,.522,.521,4.4,6.1,.709,0.6,2.3,2.9,5.8,1.5,0.6,3.0,2.3,20.5
149,Tim Frazier,PG,30,MEM,3,0,11.0,0.7,2.7,.250,0.0,0.7,.000,0.7,2.0,.333,.250,0.0,0.0,,0.0,1.3,1.3,2.3,0.3,0.0,1.0,1.3,1.3
150,Markelle Fultz,PG,22,ORL,8,8,26.9,5.1,13.0,.394,0.5,2.0,.250,4.6,11.0,.420,.413,2.1,2.4,.895,0.6,2.5,3.1,5.4,1.0,0.3,2.3,2.3,12.9
151,Daniel Gafford,PF,22,CHI,11,0,13.8,2.0,2.7,.733,0.0,0.0,,2.0,2.7,.733,.733,1.3,2.0,.636,0.9,1.4,2.3,0.5,0.6,1.2,0.5,1.9,5.3
152,Danilo Gallinari,PF,32,ATL,2,1,14.0,3.0,4.0,.750,1.0,1.5,.667,2.0,2.5,.800,.875,2.0,2.0,1.000,0.0,2.5,2.5,1.5,0.0,0.0,1.5,1.0,9.0
153,Langston Galloway,SG,29,PHO,11,0,9.5,1.5,3.4,.459,1.2,2.5,.481,0.4,0.9,.400,.635,0.6,0.6,1.000,0.3,0.6,0.9,0.4,0.0,0.0,0.2,0.4,4.9
154,Darius Garland,PG,21,CLE,6,6,35.8,6.7,14.7,.455,2.5,5.3,.469,4.2,9.3,.446,.540,1.3,1.5,.889,0.5,2.8,3.3,6.3,1.3,0.3,3.0,3.2,17.2
155,Marc Gasol,C,36,LAL,14,14,19.7,1.4,3.1,.465,0.6,1.5,.381,0.9,1.6,.545,.558,1.0,1.1,.875,1.1,3.9,5.0,2.1,0.5,1.6,1.3,2.9,4.4
156,Rudy Gay,PF,34,SAS,13,0,22.5,4.2,10.1,.420,1.5,4.6,.317,2.8,5.5,.507,.492,0.8,1.1,.714,0.9,4.5,5.4,1.5,0.8,0.8,1.0,2.1,10.7
157,Paul George,SF,30,LAC,13,13,34.5,8.1,15.8,.510,4.1,8.0,.510,4.0,7.8,.510,.638,4.6,5.0,.923,0.6,5.5,6.2,5.1,1.2,0.5,3.8,2.2,24.8
158,Harry Giles,C,22,POR,9,0,8.3,0.9,2.1,.421,0.2,0.4,.500,0.7,1.7,.400,.474,0.6,0.9,.625,0.6,2.8,3.3,0.6,0.4,0.6,0.6,1.8,2.6
159,Shai Gilgeous-Alexander,SG,22,OKC,12,12,33.9,7.7,15.1,.508,1.8,4.9,.373,5.8,10.2,.574,.569,4.4,5.7,.779,0.8,4.5,5.3,6.2,0.9,0.4,2.6,2.5,21.6
160,Anthony Gill,PF,28,WAS,4,0,3.5,0.5,0.8,.667,0.3,0.5,.500,0.3,0.3,1.000,.833,0.5,0.5,1.000,0.0,0.8,0.8,0.0,0.3,0.0,0.0,0.5,1.8
161,Rudy Gobert,C,28,UTA,13,13,30.4,4.8,8.2,.585,0.0,0.0,,4.8,8.2,.585,.585,2.6,5.3,.493,3.4,9.9,13.3,1.4,0.5,2.7,1.7,2.1,12.2
162,Brandon Goodwin,PG,25,ATL,10,0,14.9,2.1,5.7,.368,0.9,3.2,.281,1.2,2.5,.480,.447,0.8,1.2,.667,0.1,1.3,1.4,2.1,0.6,0.0,0.5,1.0,5.9
163,Aaron Gordon,PF,25,ORL,12,12,27.7,5.3,11.4,.467,1.5,4.4,.340,3.8,7.0,.548,.533,2.5,4.2,.600,1.4,4.8,6.2,3.1,0.9,0.6,2.1,1.5,14.7
164,Eric Gordon,SG,32,HOU,7,1,25.6,4.7,10.9,.434,2.3,7.7,.296,2.4,3.1,.773,.539,2.6,2.9,.900,0.3,1.9,2.1,1.6,1.0,0.9,1.6,1.9,14.3
165,Devonte' Graham,PG,25,CHO,14,14,33.5,4.0,12.7,.315,2.6,7.9,.324,1.4,4.8,.299,.416,1.9,2.5,.771,0.6,2.7,3.4,6.4,1.6,0.0,1.2,1.6,12.5
166,Jerami Grant,SF,26,DET,12,12,36.6,8.6,18.6,.462,2.8,7.0,.393,5.8,11.6,.504,.536,4.8,5.7,.853,1.2,5.1,6.3,2.2,1.1,1.4,1.4,2.6,24.8
167,,,,,,,,,,,,,,,,,,,,,,,,,,,,,
168,Danny Green,SF,33,PHI,14,14,28.4,3.3,8.8,.374,2.4,6.6,.370,0.9,2.2,.387,.512,0.6,0.8,.727,1.2,2.4,3.6,2.8,1.2,0.8,1.7,2.0,9.6
169,Draymond Green,PF,30,GSW,8,8,26.9,1.1,4.0,.281,0.4,1.9,.200,0.8,2.1,.353,.328,1.4,2.1,.647,0.4,4.6,5.0,6.6,1.4,0.3,2.4,3.3,4.0
170,JaMychal Green,PF,30,DEN,9,0,21.3,3.9,8.0,.486,2.2,4.3,.513,1.7,3.7,.455,.625,1.1,1.6,.714,1.8,4.9,6.7,1.0,0.4,0.1,1.8,2.1,11.1
171,Javonte Green,SG,27,BOS,5,0,16.4,2.4,4.0,.600,0.2,1.4,.143,2.2,2.6,.846,.625,1.8,2.8,.643,1.4,1.6,3.0,0.6,1.0,0.0,0.8,0.8,6.8
172,Jeff Green,PF,34,BRK,14,7,21.4,2.4,4.3,.567,1.1,2.4,.455,1.4,1.9,.704,.692,0.4,0.6,.667,0.5,2.3,2.8,1.0,0.5,0.1,0.7,1.5,6.4
173,Josh Green,SG,20,DAL,10,2,11.7,0.5,1.5,.333,0.0,0.5,.000,0.5,1.0,.500,.333,0.5,0.8,.625,0.7,1.4,2.1,0.4,0.2,0.0,0.8,1.1,1.5
174,Blake Griffin,PF,31,DET,9,9,32.1,4.7,11.9,.393,2.3,7.2,.323,2.3,4.7,.500,.491,2.1,3.1,.679,0.3,5.7,6.0,4.7,0.9,0.1,1.7,1.4,13.8
175,Kyle Guy,PG,23,SAC,4,0,8.5,1.0,3.5,.286,0.5,1.3,.400,0.5,2.3,.222,.357,1.3,1.5,.833,0.0,1.3,1.3,1.8,0.3,0.0,0.0,0.0,3.8
176,Rui Hachimura,PF,22,WAS,7,7,27.7,5.0,10.0,.500,0.6,1.9,.308,4.4,8.1,.544,.529,3.0,4.0,.750,0.9,3.7,4.6,2.3,0.6,0.1,0.7,2.4,13.6
177,Tyrese Haliburton,PG,20,SAC,12,1,28.0,4.1,7.9,.516,2.2,4.3,.510,1.9,3.7,.523,.653,0.8,0.9,.818,0.8,2.1,2.8,5.3,1.2,0.5,1.3,1.3,11.1
178,Josh Hall,SF,20,OKC,4,0,6.5,0.3,2.8,.091,0.3,1.5,.167,0.0,1.3,.000,.136,0.0,0.5,.000,0.3,0.8,1.0,1.0,0.0,0.0,0.3,1.3,0.8
179,R.J. Hampton,PG,19,DEN,8,0,2.0,0.4,0.6,.600,0.0,0.1,.000,0.4,0.5,.750,.600,0.0,0.0,,0.1,0.1,0.3,0.0,0.0,0.0,0.1,0.3,0.8
180,Tim Hardaway Jr.,SG,28,DAL,11,9,31.3,6.6,14.3,.465,3.8,9.0,.424,2.8,5.3,.534,.599,1.6,2.5,.643,0.1,3.9,4.0,2.1,0.7,0.3,1.1,1.5,18.7
181,James Harden,SG,31,TOT,9,9,36.7,7.6,17.0,.444,3.1,9.1,.341,4.4,7.9,.563,.536,7.3,8.3,.880,0.7,5.2,5.9,10.8,1.2,0.8,4.8,1.9,25.6
182,James Harden,SG,31,HOU,8,8,36.3,7.5,16.9,.444,3.1,9.0,.347,4.4,7.9,.556,.537,6.6,7.5,.883,0.6,4.5,5.1,10.4,0.9,0.8,4.3,1.8,24.8
183,James Harden,G,31,BRK,1,1,40.0,8.0,18.0,.444,3.0,10.0,.300,5.0,8.0,.625,.528,13.0,15.0,.867,1.0,11.0,12.0,14.0,4.0,1.0,9.0,3.0,32.0
184,Maurice Harkless,SF,27,MIA,6,2,8.2,0.2,1.0,.167,0.2,0.7,.250,0.0,0.3,.000,.250,0.0,0.3,.000,0.0,0.8,0.8,0.2,0.0,0.0,0.3,1.2,0.5
185,Jared Harper,PG,23,NYK,2,0,2.5,0.0,0.5,.000,0.0,0.0,,0.0,0.5,.000,.000,1.0,1.0,1.000,0.0,0.0,0.0,0.0,0.0,0.0,1.0,0.0,1.0
186,Montrezl Harrell,C,27,LAL,14,0,24.2,5.6,9.1,.622,0.0,0.3,.000,5.6,8.8,.642,.622,2.5,3.5,.714,2.9,4.4,7.4,0.9,0.6,0.5,1.1,1.9,13.8
187,Gary Harris,SG,26,DEN,11,11,31.1,4.0,9.3,.431,1.2,4.4,.271,2.8,4.9,.574,.495,1.2,1.7,.684,0.6,1.9,2.5,1.3,1.0,0.3,0.7,2.2,10.4
188,Jalen Harris,SG,22,TOR,1,0,2.0,0.0,0.0,,0.0,0.0,,0.0,0.0,,,0.0,0.0,,0.0,0.0,0.0,0.0,0.0,0.0,0.0,1.0,0.0
189,Joe Harris,SF,29,BRK,14,11,29.1,5.6,10.8,.523,3.0,6.1,.494,2.6,4.7,.561,.662,0.4,0.6,.556,0.8,2.9,3.7,2.0,0.6,0.3,0.9,2.4,14.6
190,,,,,,,,,,,,,,,,,,,,,,,,,,,,,
191,Tobias Harris,PF,28,PHI,11,11,32.5,7.5,14.9,.500,2.1,4.8,.434,5.4,10.1,.532,.570,2.1,2.4,.885,1.4,5.7,7.1,2.9,1.1,1.0,2.3,2.0,19.1
192,Shaquille Harrison,SG,27,UTA,6,0,4.5,0.7,1.8,.364,0.0,0.0,,0.7,1.8,.364,.364,0.2,0.3,.500,0.3,0.5,0.8,0.7,0.3,0.0,0.5,0.3,1.5
193,Josh Hart,SF,25,NOP,12,2,28.8,2.7,6.4,.416,1.3,3.9,.319,1.4,2.5,.567,.513,1.3,1.9,.652,1.0,6.8,7.8,1.8,0.8,0.1,0.8,2.1,7.8
194,Isaiah Hartenstein,C,22,DEN,11,0,8.9,1.6,3.3,.500,0.0,0.0,,1.6,3.3,.500,.500,0.9,1.7,.526,1.7,1.3,3.0,0.6,0.4,0.8,1.0,2.2,4.2
195,Jaxson Hayes,C,20,NOP,12,0,11.9,1.6,2.8,.559,0.0,0.0,,1.6,2.8,.559,.559,0.8,1.0,.833,1.4,2.9,4.3,0.6,0.2,0.5,0.7,1.7,4.0
196,Killian Hayes,PG,19,DET,7,7,21.1,1.9,6.7,.277,0.7,2.9,.250,1.1,3.9,.296,.330,0.1,0.3,.500,0.1,1.0,1.1,3.6,0.3,0.0,2.4,2.1,4.6
197,Gordon Hayward,SF,30,CHO,13,13,34.5,8.0,16.2,.493,2.1,5.1,.409,5.9,11.2,.531,.557,4.2,4.5,.931,0.6,4.5,5.1,3.7,1.2,0.4,2.0,2.2,22.2
198,Juan Hernangómez,PF,25,MIN,11,6,20.4,2.5,6.2,.397,1.1,3.5,.308,1.4,2.6,.517,.485,0.6,0.9,.700,0.9,4.4,5.3,0.5,0.5,0.2,0.4,0.9,6.6
199,Willy Hernangómez,C,26,NOP,1,0,7.0,0.0,1.0,.000,0.0,0.0,,0.0,1.0,.000,.000,1.0,4.0,.250,0.0,4.0,4.0,1.0,0.0,0.0,0.0,0.0,1.0
200,Tyler Herro,SG,21,MIA,10,10,33.7,6.7,14.3,.469,1.6,5.3,.302,5.1,9.0,.567,.524,2.6,3.4,.765,0.1,6.6,6.7,3.8,0.4,0.1,2.8,1.6,17.6
201,Buddy Hield,SG,28,SAC,14,14,34.1,5.1,14.0,.367,3.9,10.5,.367,1.3,3.5,.367,.505,1.2,1.4,.850,0.2,3.9,4.1,3.1,0.7,0.4,1.7,3.1,15.4
202,George Hill,PG,34,OKC,11,11,26.2,4.1,8.5,.479,1.4,4.1,.333,2.7,4.5,.612,.559,1.8,2.2,.833,0.6,1.5,2.2,3.5,0.9,0.2,0.8,1.1,11.4
203,Solomon Hill,PF,29,ATL,12,0,18.8,1.8,5.0,.367,1.4,3.9,.362,0.4,1.1,.385,.508,0.3,0.3,1.000,0.6,2.3,2.9,0.8,0.5,0.3,0.5,1.9,5.3
204,Nate Hinton,SG,21,DAL,3,0,2.7,0.0,1.3,.000,0.0,0.3,.000,0.0,1.0,.000,.000,0.0,0.0,,0.0,0.0,0.0,0.0,0.0,0.0,0.0,0.0,0.0
205,Aaron Holiday,PG,24,IND,13,6,21.2,2.4,6.7,.356,0.8,3.2,.244,1.6,3.5,.457,.414,0.4,0.5,.833,0.3,1.1,1.4,2.5,0.9,0.2,0.7,2.2,5.9
206,Jrue Holiday,PG,30,MIL,13,13,31.8,5.9,12.2,.487,1.7,4.5,.379,4.2,7.7,.550,.557,1.7,2.0,.846,0.9,3.3,4.2,5.0,2.2,0.7,1.5,2.1,15.2
207,Justin Holiday,SG,31,IND,13,4,29.8,3.9,7.5,.520,1.9,4.5,.431,2.0,3.1,.650,.648,1.2,1.7,.727,0.7,2.8,3.5,1.2,1.2,0.3,1.1,2.5,11.0
208,Richaun Holmes,C,27,SAC,13,13,29.8,5.9,8.6,.688,0.1,0.3,.250,5.8,8.3,.704,.692,2.1,2.5,.844,2.7,4.8,7.5,1.9,0.9,1.4,1.2,4.3,14.0
209,Rodney Hood,SF,28,POR,11,0,13.1,0.6,3.3,.194,0.4,1.5,.250,0.3,1.8,.150,.250,0.0,0.0,,0.1,1.2,1.3,1.4,0.5,0.2,0.5,1.0,1.6
210,Al Horford,C,34,OKC,9,9,27.1,4.6,10.9,.418,1.8,5.6,.320,2.8,5.3,.521,.500,0.2,0.4,.500,0.6,6.6,7.1,2.4,0.3,0.8,0.9,1.6,11.1
211,,,,,,,,,,,,,,,,,,,,,,,,,,,,,
212,Talen Horton-Tucker,SG,20,LAL,13,0,15.6,2.5,6.0,.423,0.6,2.2,.276,1.9,3.8,.510,.474,1.2,1.4,.833,0.5,1.8,2.3,2.0,0.8,0.5,1.0,1.8,6.8
213,Danuel House,SF,27,HOU,4,4,32.5,2.5,6.8,.370,0.8,3.8,.200,1.8,3.0,.583,.426,1.8,2.5,.700,0.3,4.3,4.5,2.3,0.3,0.3,0.3,2.5,7.5
214,Dwight Howard,C,35,PHI,14,3,17.9,2.7,4.2,.644,0.2,0.5,.429,2.5,3.7,.673,.669,1.3,2.4,.529,2.1,5.6,7.8,0.9,0.2,0.8,1.9,3.3,6.9
215,Markus Howard,SG,21,DEN,5,0,1.4,0.2,1.0,.200,0.0,0.8,.000,0.2,0.2,1.000,.200,0.0,0.0,,0.0,0.0,0.0,0.2,0.0,0.0,0.0,0.2,0.4
216,Kevin Huerter,SG,22,ATL,12,1,27.5,4.5,10.4,.432,2.0,5.7,.353,2.5,4.8,.526,.528,0.8,0.9,.818,0.9,2.7,3.6,3.3,1.1,0.1,1.2,2.3,11.8
217,Elijah Hughes,SF,22,UTA,6,0,4.5,0.8,2.5,.333,0.5,1.7,.300,0.3,0.8,.400,.433,0.5,0.7,.750,0.0,0.7,0.7,0.5,0.2,0.2,0.7,0.0,2.7
218,De'Andre Hunter,SF,23,ATL,12,12,31.7,5.5,11.0,.500,1.8,4.5,.389,3.8,6.5,.577,.580,3.3,3.8,.867,1.2,5.2,6.3,1.9,0.5,0.5,1.0,3.0,16.0
219,Chandler Hutchison,SF,24,CHI,4,0,13.0,1.3,4.0,.313,0.3,0.8,.333,1.0,3.3,.308,.344,0.5,0.5,1.000,0.3,4.0,4.3,1.0,0.3,0.0,0.8,1.8,3.3
220,Serge Ibaka,C,31,LAC,13,13,25.1,4.8,9.4,.516,1.0,2.9,.342,3.8,6.5,.595,.570,1.1,1.4,.778,1.5,4.7,6.2,1.8,0.2,1.2,1.3,2.3,11.8
221,Andre Iguodala,SF,37,MIA,10,2,19.4,1.4,4.2,.333,1.1,3.1,.355,0.3,1.1,.273,.464,0.0,0.0,,0.4,2.5,2.9,2.5,0.5,0.3,1.2,1.6,3.9
222,Joe Ingles,SF,33,UTA,9,0,25.9,3.7,7.8,.471,1.8,5.0,.356,1.9,2.8,.680,.586,0.8,1.0,.778,0.6,3.6,4.1,3.2,0.3,0.1,1.7,2.0,9.9
223,Brandon Ingram,SF,23,NOP,12,12,35.0,8.1,17.8,.455,2.1,5.8,.362,6.0,12.0,.500,.514,5.1,6.0,.847,0.9,5.4,6.3,5.1,0.8,0.9,3.1,1.3,23.3
224,Kyrie Irving,PG,28,BRK,7,7,33.0,10.1,20.1,.504,3.7,8.7,.426,6.4,11.4,.563,.596,3.1,3.1,1.000,0.7,4.6,5.3,6.1,1.6,0.3,2.1,2.6,27.1
225,Wesley Iwundu,SF,26,DAL,8,3,16.5,1.5,3.5,.429,0.4,1.6,.231,1.1,1.9,.600,.482,0.4,0.5,.750,0.4,2.1,2.5,0.5,0.5,0.0,0.4,0.9,3.8
226,Frank Jackson,PG,22,DET,3,0,8.0,0.7,3.3,.200,0.7,2.7,.250,0.0,0.7,.000,.300,0.0,0.0,,0.0,1.3,1.3,1.7,0.3,0.0,1.0,1.0,2.0
227,Josh Jackson,SG,23,DET,10,6,22.4,4.6,11.1,.414,1.4,4.9,.286,3.2,6.2,.516,.477,1.3,2.1,.619,0.5,2.7,3.2,1.8,1.2,0.5,1.5,3.0,11.9
228,Justin Jackson,SF,25,OKC,4,1,14.3,1.8,4.8,.368,0.3,3.0,.083,1.5,1.8,.857,.395,1.3,1.5,.833,0.3,2.0,2.3,0.8,0.3,0.0,1.3,0.8,5.0
229,Reggie Jackson,SG,30,LAC,12,1,13.9,2.4,5.3,.453,1.1,2.8,.382,1.3,2.5,.533,.555,0.2,0.4,.400,0.1,1.8,1.8,2.2,0.4,0.1,0.7,1.5,6.1
230,Justin James,SF,24,SAC,5,0,8.2,1.0,2.4,.417,0.0,0.8,.000,1.0,1.6,.625,.417,0.2,1.4,.143,0.2,1.0,1.2,0.6,0.2,0.2,0.0,0.0,2.2
231,LeBron James,PG,36,LAL,14,14,31.8,8.7,17.9,.486,2.4,6.4,.382,6.3,11.6,.543,.554,4.2,5.8,.728,0.8,7.3,8.1,7.7,0.8,0.4,3.5,1.4,24.1
232,,,,,,,,,,,,,,,,,,,,,,,,,,,,,
233,Isaiah Joe,SG,21,PHI,9,1,19.1,2.3,6.2,.375,1.9,4.9,.386,0.4,1.3,.333,.527,0.6,0.6,1.000,0.4,1.3,1.8,1.3,0.4,0.4,0.4,1.9,7.1
234,Cameron Johnson,PF,24,PHO,11,0,23.2,4.4,9.3,.471,2.5,6.6,.384,1.8,2.6,.690,.608,1.1,1.3,.857,0.3,2.9,3.2,1.5,0.5,0.5,0.5,1.0,12.4
235,James Johnson,PF,33,DAL,12,0,18.4,2.3,5.2,.452,0.8,2.3,.321,1.6,2.8,.559,.524,0.8,1.8,.476,0.4,2.5,2.9,1.9,1.4,0.7,1.3,2.2,6.3
236,Keldon Johnson,SF,21,SAS,13,13,32.0,5.4,11.3,.476,1.2,3.2,.390,4.2,8.2,.509,.531,2.5,3.2,.786,1.8,5.5,7.2,2.3,1.2,0.8,1.5,3.1,14.5
237,Stanley Johnson,PF,24,TOR,10,0,14.1,1.1,2.5,.440,0.6,1.4,.429,0.5,1.1,.455,.560,0.1,0.2,.500,0.8,2.4,3.2,1.4,1.0,0.3,0.7,1.5,2.9
238,Tyler Johnson,SG,28,BRK,4,0,7.5,0.8,1.8,.429,0.8,1.3,.600,0.0,0.5,.000,.643,0.0,0.0,,0.3,0.3,0.5,1.8,0.8,0.0,0.0,0.3,2.3
239,Nikola Jokić,C,25,DEN,13,13,35.5,9.3,16.2,.573,1.3,3.4,.386,8.0,12.8,.623,.614,5.1,6.0,.846,2.8,8.5,11.4,10.3,1.9,0.5,4.2,3.3,25.0
240,Damian Jones,C,25,PHO,5,0,8.4,0.6,1.2,.500,0.0,0.2,.000,0.6,1.0,.600,.500,0.4,1.0,.400,0.8,1.0,1.8,0.0,0.2,0.6,0.6,1.8,1.6
241,Derrick Jones Jr.,SF,23,POR,13,13,27.1,2.6,6.0,.436,0.7,2.5,.273,1.9,3.5,.556,.494,1.1,1.8,.583,1.5,2.6,4.2,0.6,1.2,0.8,0.8,2.8,7.0
242,Mason Jones,SG,22,HOU,5,1,14.4,3.0,5.8,.517,1.4,2.8,.500,1.6,3.0,.533,.638,1.2,2.2,.545,0.6,2.2,2.8,1.6,0.2,0.0,2.0,1.0,8.6
243,Tre Jones,PG,21,SAS,3,0,3.3,1.3,2.3,.571,0.0,0.0,,1.3,2.3,.571,.571,1.0,1.0,1.000,1.0,0.0,1.0,0.3,0.0,0.0,0.0,0.0,3.7
244,Tyus Jones,PG,24,MEM,12,8,26.2,3.6,8.7,.413,0.6,2.8,.212,3.0,5.9,.507,.447,0.4,0.6,.714,0.4,2.3,2.7,5.6,1.7,0.3,1.2,0.5,8.2
245,DeAndre Jordan,C,32,BRK,13,9,18.5,1.8,2.4,.742,0.0,0.0,,1.8,2.4,.742,.742,0.8,1.4,.556,1.3,5.5,6.8,1.8,0.2,1.2,1.7,2.2,4.3
246,Cory Joseph,PG,29,SAC,14,0,20.6,2.4,5.9,.402,0.6,2.2,.258,1.8,3.6,.490,.451,1.1,1.5,.762,0.4,1.8,2.2,2.2,0.6,0.4,1.3,2.7,6.4
247,Mfiondu Kabengele,PF,23,LAC,9,0,4.9,0.2,1.4,.154,0.1,0.9,.125,0.1,0.6,.200,.192,0.3,0.4,.750,0.0,0.7,0.7,0.2,0.2,0.2,0.2,1.0,0.9
248,Frank Kaminsky,C,27,PHO,5,0,8.0,1.4,3.6,.389,0.2,0.8,.250,1.2,2.8,.429,.417,0.4,0.8,.500,1.0,0.8,1.8,0.8,0.0,0.2,0.2,0.6,3.4
249,Enes Kanter,C,28,POR,13,1,19.4,4.2,6.7,.632,0.0,0.0,,4.2,6.7,.632,.632,1.7,2.1,.815,3.8,5.6,9.4,0.7,0.6,0.8,0.9,2.1,10.2
250,Luke Kennard,SG,24,LAC,14,3,23.1,3.4,6.7,.511,1.8,3.4,.521,1.6,3.3,.500,.644,0.6,0.7,.900,0.1,2.8,2.9,1.9,0.2,0.3,1.3,1.8,9.3
251,Maxi Kleber,PF,29,DAL,9,3,24.3,2.0,4.6,.439,1.8,3.8,.471,0.2,0.8,.286,.634,1.7,1.8,.938,0.8,4.6,5.3,1.3,0.3,0.9,0.7,1.9,7.4
252,Nathan Knight,PF,23,ATL,6,0,5.8,0.8,2.5,.333,0.5,1.2,.429,0.3,1.3,.250,.433,0.7,0.8,.800,1.0,0.7,1.7,0.2,0.0,0.5,0.5,0.8,2.8
253,,,,,,,,,,,,,,,,,,,,,,,,,,,,,
254,Kevin Knox,SF,21,NYK,14,0,21.2,2.9,6.6,.435,1.6,3.7,.442,1.2,2.9,.425,.560,0.4,0.6,.750,0.5,2.3,2.8,0.9,0.4,0.4,1.0,1.8,7.8
255,John Konchar,SG,24,MEM,5,0,19.6,2.0,4.6,.435,0.6,1.6,.375,1.4,3.0,.467,.500,1.2,1.2,1.000,1.0,3.6,4.6,2.8,1.4,0.4,0.2,1.2,5.8
256,Furkan Korkmaz,SG,23,PHI,3,0,18.3,2.0,8.0,.250,1.3,5.3,.250,0.7,2.7,.250,.333,0.7,0.7,1.000,0.0,2.0,2.0,1.0,0.7,0.7,2.0,0.7,6.0
257,Luke Kornet,PF,25,CHI,1,0,7.0,0.0,2.0,.000,0.0,2.0,.000,0.0,0.0,,.000,2.0,2.0,1.000,0.0,1.0,1.0,0.0,1.0,0.0,1.0,0.0,2.0
258,Rodions Kurucs,PF,22,TOT,6,0,6.2,0.3,1.3,.250,0.2,1.0,.167,0.2,0.3,.500,.313,0.0,0.0,,0.0,1.2,1.2,0.5,0.3,0.0,0.3,0.7,0.8
259,Rodions Kurucs,PF,22,BRK,5,0,3.2,0.2,0.6,.333,0.2,0.4,.500,0.0,0.2,.000,.500,0.0,0.0,,0.0,0.6,0.6,0.4,0.0,0.0,0.0,0.2,0.6
260,Rodions Kurucs,F,22,HOU,1,0,21.0,1.0,5.0,.200,0.0,4.0,.000,1.0,1.0,1.000,.200,0.0,0.0,,0.0,4.0,4.0,1.0,2.0,0.0,2.0,3.0,2.0
261,Kyle Kuzma,SF,25,LAL,14,4,24.8,4.1,9.4,.432,1.9,4.6,.400,2.2,4.8,.463,.530,0.6,0.9,.667,1.1,4.0,5.1,1.2,0.3,0.7,1.6,1.9,10.6
262,Zach LaVine,SG,25,CHI,13,13,35.5,9.2,18.8,.486,3.4,8.9,.379,5.8,9.9,.581,.576,5.2,6.1,.861,0.3,4.5,4.8,5.2,1.4,0.5,4.1,2.9,26.9
263,Jake Layman,SF,26,MIN,9,3,14.1,1.6,3.6,.438,0.2,1.3,.167,1.3,2.2,.600,.469,1.4,1.7,.867,0.0,0.8,0.8,0.7,0.8,0.4,0.4,1.6,4.8
264,Jalen Lecque,PG,20,IND,3,0,3.0,0.3,1.3,.250,0.0,0.3,.000,0.3,1.0,.333,.250,1.0,1.0,1.000,0.3,1.0,1.3,0.7,0.0,0.0,0.0,0.0,1.7
265,Damion Lee,SG,28,GSW,12,0,19.1,2.3,5.0,.467,1.8,3.9,.447,0.6,1.1,.538,.642,0.7,0.8,.800,0.6,2.8,3.3,1.7,0.8,0.0,0.4,1.9,7.1
266,Saben Lee,PG,21,DET,3,0,8.7,1.0,3.0,.333,0.0,0.3,.000,1.0,2.7,.375,.333,0.7,1.3,.500,0.3,0.0,0.3,0.3,1.0,0.0,1.0,0.7,2.7
267,Alex Len,C,27,TOR,7,2,10.9,0.7,1.4,.500,0.4,0.9,.500,0.3,0.6,.500,.650,0.4,0.9,.500,0.0,1.6,1.6,0.4,0.1,0.9,1.1,1.4,2.3
268,Kawhi Leonard,SF,29,LAC,12,12,34.1,8.8,18.0,.491,1.9,4.4,.434,6.9,13.6,.509,.544,4.8,5.4,.877,1.1,4.0,5.1,5.9,1.8,0.7,1.8,1.9,24.3
269,Meyers Leonard,C,28,MIA,3,2,9.7,1.0,2.3,.429,1.0,2.3,.429,0.0,0.0,,.643,0.3,0.7,.500,0.0,2.3,2.3,0.7,0.0,0.0,0.7,1.7,3.3
270,Caris LeVert,SG,26,BRK,12,4,27.8,7.3,16.7,.435,1.8,5.3,.349,5.4,11.4,.474,.490,2.2,2.8,.765,0.8,3.5,4.3,6.0,1.1,0.5,2.2,1.7,18.5
271,Kira Lewis Jr.,PG,19,NOP,5,0,10.8,1.6,5.2,.308,0.4,1.6,.250,1.2,3.6,.333,.346,0.6,0.8,.750,0.0,0.8,0.8,1.6,0.2,0.2,0.2,1.2,4.2
272,Damian Lillard,PG,30,POR,13,13,36.2,8.4,19.0,.441,3.8,10.1,.374,4.6,8.9,.517,.540,7.1,7.5,.939,0.3,4.5,4.8,6.8,1.0,0.2,2.9,1.4,27.6
273,Nassir Little,PF,20,POR,3,0,6.0,0.7,1.0,.667,0.3,0.3,1.000,0.3,0.7,.500,.833,0.0,0.0,,0.3,0.7,1.0,0.0,0.0,0.3,0.7,0.7,1.7
274,Kevon Looney,C,24,GSW,12,0,13.9,1.5,2.4,.621,0.0,0.3,.000,1.5,2.2,.692,.621,0.7,0.9,.727,1.2,2.4,3.6,1.3,0.3,0.2,0.8,1.9,3.7
275,Brook Lopez,C,32,MIL,13,13,26.6,3.3,8.1,.410,1.8,5.1,.364,1.5,3.0,.487,.524,0.8,1.0,.846,1.5,3.8,5.3,0.9,0.6,1.6,0.7,2.0,9.3
276,,,,,,,,,,,,,,,,,,,,,,,,,,,,,
277,Robin Lopez,C,32,WAS,11,1,16.2,2.5,4.1,.622,0.2,0.5,.400,2.4,3.6,.650,.644,1.2,2.3,.520,1.8,2.4,4.2,0.5,0.1,0.5,0.6,2.1,6.5
278,Kevin Love,PF,32,CLE,2,2,23.0,3.0,9.0,.333,1.5,4.5,.333,1.5,4.5,.333,.417,2.0,2.5,.800,1.0,5.0,6.0,2.5,0.5,0.0,1.5,0.5,9.5
279,Kyle Lowry,PG,34,TOR,11,11,36.3,5.9,13.9,.425,3.0,8.0,.375,2.9,5.9,.492,.533,3.9,4.5,.878,1.0,5.0,6.0,7.1,1.1,0.1,3.2,3.5,18.7
280,Timothé Luwawu-Cabarrot,SF,25,BRK,14,4,20.9,3.1,7.2,.426,1.7,4.6,.369,1.4,2.6,.528,.545,0.9,1.1,.800,0.4,1.8,2.2,1.1,0.5,0.1,0.9,1.9,8.7
281,Trey Lyles,PF,25,SAS,6,2,13.8,1.0,2.7,.375,0.3,1.2,.286,0.7,1.5,.444,.438,0.3,0.8,.400,0.8,3.5,4.3,0.5,0.0,0.0,0.0,0.5,2.7
282,Thon Maker,C,23,CLE,8,0,9.5,1.3,2.3,.556,0.0,0.3,.000,1.3,2.0,.625,.556,1.3,1.4,.909,1.0,1.3,2.3,0.5,0.3,0.5,0.4,0.9,3.8
283,Théo Maledon,PG,19,OKC,12,0,20.0,2.4,6.4,.377,1.1,3.6,.302,1.3,2.8,.471,.461,0.4,0.9,.455,0.3,1.8,2.1,2.8,0.6,0.0,1.9,1.9,6.3
284,Karim Mané,PG,20,ORL,6,0,9.3,0.2,1.5,.111,0.2,0.3,.500,0.0,1.2,.000,.167,0.7,0.7,1.000,0.0,1.7,1.7,0.2,0.0,0.2,0.5,0.5,1.2
285,Terance Mann,SG,24,LAC,12,0,10.0,1.1,2.6,.419,0.2,0.5,.333,0.9,2.1,.440,.452,0.1,0.3,.250,0.8,1.7,2.4,0.5,0.3,0.2,0.7,1.1,2.4
286,Nico Mannion,PG,19,GSW,1,0,8.0,0.0,2.0,.000,0.0,1.0,.000,0.0,1.0,.000,.000,0.0,0.0,,0.0,2.0,2.0,2.0,0.0,0.0,0.0,1.0,0.0
287,Boban Marjanović,C,32,DAL,9,0,8.0,2.1,4.0,.528,0.0,0.2,.000,2.1,3.8,.559,.528,0.4,0.7,.667,1.4,1.7,3.1,0.0,0.0,0.0,0.1,1.0,4.7
288,Lauri Markkanen,PF,23,CHI,6,6,29.0,6.2,12.8,.481,2.7,6.5,.410,3.5,6.3,.553,.584,4.0,4.8,.828,1.0,6.2,7.2,1.3,0.7,0.5,1.8,2.2,19.0
289,Naji Marshall,SF,23,NOP,1,0,3.0,0.0,0.0,,0.0,0.0,,0.0,0.0,,,0.0,0.0,,0.0,1.0,1.0,1.0,0.0,0.0,0.0,0.0,0.0
290,Caleb Martin,SF,25,CHO,13,1,15.2,2.5,5.4,.457,0.6,2.2,.276,1.8,3.2,.585,.514,0.8,1.3,.588,0.7,1.8,2.5,1.5,0.9,0.3,0.8,0.7,6.3
291,Cody Martin,SF,25,CHO,11,0,11.4,1.4,2.5,.536,0.2,0.9,.200,1.2,1.6,.722,.571,0.5,0.7,.750,0.7,1.5,2.3,1.3,0.5,0.0,0.5,0.5,3.5
292,Kelan Martin,SF,25,IND,6,0,5.2,0.5,2.3,.214,0.2,1.0,.167,0.3,1.3,.250,.250,0.0,0.0,,0.2,1.2,1.3,0.0,0.3,0.0,0.7,0.7,1.2
293,Kenyon Martin Jr.,SF,20,HOU,5,0,9.2,1.4,3.6,.389,0.2,0.4,.500,1.2,3.2,.375,.417,0.0,0.6,.000,0.8,1.8,2.6,0.8,0.2,0.4,1.0,1.0,3.0
294,Garrison Mathews,SG,24,WAS,5,0,12.8,2.4,5.4,.444,1.6,3.4,.471,0.8,2.0,.400,.593,1.6,1.8,.889,0.8,0.8,1.6,1.0,0.8,0.2,0.2,1.8,8.0
295,Dakota Mathias,SG,25,PHI,8,2,15.4,2.4,6.0,.396,1.0,3.3,.308,1.4,2.8,.500,.479,0.3,0.8,.333,0.1,0.8,0.9,1.6,0.1,0.4,0.1,0.9,6.0
296,Wesley Matthews,SG,34,LAL,11,1,21.4,1.9,4.3,.447,1.5,3.7,.390,0.5,0.5,.833,.617,0.3,0.4,.750,0.4,0.9,1.3,1.1,0.4,0.4,0.1,1.5,5.5
297,,,,,,,,,,,,,,,,,,,,,,,,,,,,,
298,Tyrese Maxey,SG,20,PHI,14,5,21.6,5.1,10.6,.477,0.7,2.6,.278,4.4,8.1,.540,.510,0.5,0.6,.778,0.4,2.1,2.5,2.4,0.6,0.2,0.9,1.4,11.4
299,Skylar Mays,SG,23,ATL,3,0,3.7,0.0,1.0,.000,0.0,0.3,.000,0.0,0.7,.000,.000,0.0,0.0,,0.0,0.0,0.0,0.3,0.0,0.0,0.0,0.3,0.0
300,CJ McCollum,SG,29,POR,13,13,33.8,9.5,20.0,.473,4.8,11.0,.441,4.6,9.0,.513,.594,2.9,3.5,.844,0.5,3.4,3.9,5.0,1.3,0.3,1.0,2.2,26.7
301,T.J. McConnell,PG,28,IND,10,0,18.3,1.7,3.2,.531,0.0,0.2,.000,1.7,3.0,.567,.531,0.1,0.2,.500,0.5,2.6,3.1,4.9,1.7,0.0,1.5,1.4,3.5
302,Jaden McDaniels,PF,20,MIN,5,0,7.4,1.2,2.2,.545,0.8,1.6,.500,0.4,0.6,.667,.727,0.2,0.4,.500,0.4,1.2,1.6,0.8,0.4,0.2,0.6,1.0,3.4
303,Jalen McDaniels,SF,23,CHO,9,0,9.2,1.4,2.8,.520,0.2,0.7,.333,1.2,2.1,.579,.560,0.8,1.2,.636,0.3,1.8,2.1,0.6,0.2,0.0,0.9,1.4,3.9
304,Doug McDermott,PF,29,IND,13,1,24.3,4.6,9.0,.513,1.9,4.8,.397,2.7,4.2,.648,.620,1.5,1.8,.792,0.7,2.7,3.4,1.2,0.2,0.0,1.0,1.8,12.6
305,Sean McDermott,SF,24,MEM,3,0,14.0,0.7,2.3,.286,0.3,1.7,.200,0.3,0.7,.500,.357,0.7,0.7,1.000,0.7,0.3,1.0,1.0,0.0,0.0,1.0,0.3,2.3
306,JaVale McGee,C,33,CLE,13,1,16.9,3.2,7.2,.441,0.3,0.8,.364,2.8,6.3,.451,.462,1.4,2.3,.600,2.1,4.2,6.2,1.3,0.6,1.1,1.2,2.7,8.0
307,Rodney McGruder,SG,29,DET,2,0,6.0,0.5,0.5,1.000,0.0,0.0,,0.5,0.5,1.000,1.000,0.5,0.5,1.000,0.5,0.0,0.5,0.0,0.0,0.0,0.0,0.5,1.5
308,Alfonzo McKinnie,SF,28,LAL,9,0,3.3,0.9,1.3,.667,0.3,0.4,.750,0.6,0.9,.625,.792,0.2,0.2,1.000,0.3,0.4,0.8,0.0,0.0,0.0,0.1,0.1,2.3
309,Jordan McLaughlin,PG,24,MIN,4,0,16.0,1.8,4.3,.412,0.5,1.8,.286,1.3,2.5,.500,.471,0.0,0.0,,0.3,1.5,1.8,3.5,0.5,0.3,0.8,0.3,4.0
310,Ben McLemore,SG,27,HOU,5,2,21.6,3.8,8.2,.463,3.0,5.8,.517,0.8,2.4,.333,.646,0.6,0.8,.750,0.0,2.6,2.6,1.8,0.8,0.0,1.8,1.8,11.2
311,Nicolò Melli,PF,30,NOP,8,0,12.6,0.5,2.5,.200,0.4,2.0,.188,0.1,0.5,.250,.275,0.4,0.5,.750,0.3,2.3,2.5,1.1,0.5,0.1,0.5,1.1,1.8
312,De'Anthony Melton,PG,22,MEM,7,0,19.9,3.6,7.7,.463,0.9,2.4,.353,2.7,5.3,.514,.519,0.1,0.3,.500,0.1,2.1,2.3,2.4,1.3,0.9,1.4,1.7,8.1
313,Sam Merrill,SG,24,MIL,7,0,6.1,0.6,1.1,.500,0.6,0.9,.667,0.0,0.3,.000,.750,0.3,0.3,1.000,0.4,0.9,1.3,1.4,0.1,0.0,0.4,0.4,2.0
314,Chimezie Metu,C,23,SAC,5,0,7.6,2.2,4.4,.500,0.2,0.6,.333,2.0,3.8,.526,.523,1.2,1.8,.667,1.6,1.2,2.8,0.8,0.2,0.6,0.4,1.0,5.8
315,Khris Middleton,SF,29,MIL,13,13,32.3,8.2,15.4,.530,2.8,5.9,.468,5.4,9.5,.569,.620,2.8,2.9,.947,1.0,5.5,6.5,5.7,0.8,0.2,2.5,2.5,21.8
316,Darius Miller,SF,30,OKC,2,0,3.5,0.5,1.5,.333,0.5,1.5,.333,0.0,0.0,,.500,0.0,0.0,,0.0,0.0,0.0,0.0,0.0,0.0,0.5,0.5,1.5
317,Patty Mills,PG,32,SAS,13,0,25.4,5.0,11.0,.455,2.9,6.7,.437,2.1,4.3,.482,.587,1.3,1.5,.895,0.3,1.4,1.7,3.2,0.2,0.1,0.8,1.6,14.2
318,,,,,,,,,,,,,,,,,,,,,,,,,,,,,
319,Paul Millsap,PF,35,DEN,13,13,23.7,3.7,7.2,.511,1.4,3.2,.439,2.3,4.1,.566,.606,1.6,2.2,.724,1.3,3.2,4.5,1.5,0.8,0.3,1.3,2.0,10.4
320,Shake Milton,SG,24,PHI,11,1,26.6,5.9,11.7,.504,1.5,4.5,.327,4.5,7.3,.613,.566,3.6,4.3,.851,0.3,1.5,1.8,3.7,1.2,0.3,1.7,2.1,16.9
321,Donovan Mitchell,SG,24,UTA,13,13,33.5,8.3,19.8,.419,3.3,8.8,.374,5.0,11.0,.455,.502,3.2,4.0,.808,0.8,2.6,3.5,5.0,0.8,0.5,3.1,1.8,23.2
322,Adam Mokoka,SG,22,CHI,5,0,7.8,1.0,2.8,.357,0.2,1.6,.125,0.8,1.2,.667,.393,0.0,0.0,,0.2,0.6,0.8,0.8,0.4,0.2,0.4,1.0,2.2
323,Malik Monk,SG,22,CHO,4,0,9.5,0.8,2.0,.375,0.8,1.8,.429,0.0,0.3,.000,.563,1.0,1.5,.667,0.3,0.5,0.8,1.5,0.0,0.0,0.5,0.8,3.3
324,E'Twaun Moore,SG,31,PHO,2,0,4.5,0.5,2.0,.250,0.0,0.5,.000,0.5,1.5,.333,.250,0.0,0.0,,0.5,0.0,0.5,0.0,0.0,0.0,1.0,1.0,1.0
325,Ja Morant,PG,21,MEM,4,4,28.0,9.3,17.3,.536,0.8,3.0,.250,8.5,14.3,.596,.558,4.8,5.8,.826,0.5,1.3,1.8,6.3,0.8,0.5,2.5,2.5,24.0
326,Juwan Morgan,PF,23,UTA,3,0,3.3,0.0,0.3,.000,0.0,0.3,.000,0.0,0.0,,.000,0.0,0.0,,0.0,1.0,1.0,0.0,0.0,0.0,0.0,0.3,0.0
327,Marcus Morris,PF,31,LAC,6,0,21.7,4.2,9.2,.455,2.5,5.0,.500,1.7,4.2,.400,.591,1.0,1.2,.857,1.0,2.5,3.5,1.2,0.3,0.0,1.3,1.5,11.8
328,Markieff Morris,PF,31,LAL,14,1,15.5,1.7,4.2,.407,0.9,2.9,.325,0.8,1.4,.579,.517,0.3,0.4,.667,0.6,3.4,4.0,0.9,0.1,0.4,0.4,1.6,4.6
329,Monte Morris,PG,25,DEN,13,1,26.3,4.2,8.2,.514,1.2,3.4,.364,3.0,4.8,.619,.589,1.3,1.9,.680,0.3,1.8,2.1,3.1,0.9,0.3,0.4,0.9,11.0
330,Mychal Mulder,PG,26,GSW,12,0,10.3,1.3,2.8,.485,1.1,2.4,.448,0.3,0.3,.750,.682,0.3,0.6,.571,0.0,1.0,1.0,0.5,0.2,0.1,0.3,0.8,4.1
331,Dejounte Murray,PG,24,SAS,13,13,32.8,6.5,14.8,.443,1.1,3.4,.318,5.5,11.4,.480,.479,1.7,2.2,.786,0.8,6.5,7.3,5.2,1.5,0.1,2.0,2.2,15.8
332,Jamal Murray,PG,23,DEN,12,12,35.8,7.4,16.3,.454,2.4,6.8,.358,5.0,9.6,.522,.528,3.1,4.1,.755,0.9,2.7,3.6,4.0,0.9,0.2,1.9,2.4,20.3
333,Mike Muscala,C,29,OKC,11,0,18.5,3.2,7.3,.438,2.0,5.3,.379,1.2,2.0,.591,.575,1.0,1.1,.917,0.4,3.1,3.5,0.7,0.2,0.5,0.5,1.5,9.4
334,Sviatoslav Mykhailiuk,SF,23,DET,12,0,16.2,2.7,7.0,.381,1.8,5.5,.318,0.9,1.5,.611,.506,1.3,1.3,.938,0.1,1.3,1.4,1.0,0.7,0.3,0.3,0.7,8.3
335,Abdel Nader,SF,27,PHO,1,0,3.0,0.0,0.0,,0.0,0.0,,0.0,0.0,,,2.0,2.0,1.000,0.0,1.0,1.0,1.0,0.0,0.0,0.0,0.0,2.0
336,Larry Nance Jr.,PF,28,CLE,13,12,35.5,4.1,8.2,.495,1.6,3.8,.429,2.5,4.5,.552,.593,0.7,1.2,.563,1.5,4.6,6.1,3.8,2.4,0.5,2.0,2.0,10.5
337,Aaron Nesmith,SF,21,BOS,5,0,13.2,1.0,4.6,.217,0.6,3.2,.188,0.4,1.4,.286,.283,0.0,0.0,,0.2,1.0,1.2,0.6,0.0,0.4,0.6,2.2,2.6
338,Raul Neto,PG,28,WAS,11,4,16.9,3.5,6.7,.527,1.3,3.0,.424,2.3,3.7,.610,.622,0.5,0.8,.667,0.3,1.0,1.3,1.6,1.0,0.0,0.8,1.5,8.9
339,,,,,,,,,,,,,,,,,,,,,,,,,,,,,
340,Georges Niang,PF,27,UTA,13,0,10.5,1.5,3.4,.432,0.7,2.2,.310,0.8,1.2,.667,.534,0.1,0.1,1.000,0.2,1.9,2.2,0.4,0.1,0.0,0.5,1.0,3.7
341,Zeke Nnaji,PF,20,DEN,5,0,2.2,0.2,0.8,.250,0.0,0.4,.000,0.2,0.4,.500,.250,0.0,0.0,,0.2,0.2,0.4,0.0,0.0,0.0,0.0,0.2,0.4
342,Nerlens Noel,C,26,NYK,12,0,15.4,1.4,2.5,.567,0.0,0.0,,1.4,2.5,.567,.567,0.3,0.6,.571,1.3,3.0,4.3,0.3,0.9,1.7,1.3,2.1,3.2
343,Jaylen Nowell,SG,21,MIN,1,0,8.0,1.0,3.0,.333,0.0,1.0,.000,1.0,2.0,.500,.333,0.0,0.0,,1.0,0.0,1.0,1.0,0.0,0.0,0.0,0.0,2.0
344,Frank Ntilikina,PG,22,NYK,4,0,10.5,1.5,3.5,.429,1.3,2.3,.556,0.3,1.3,.200,.607,0.3,0.8,.333,0.3,0.8,1.0,0.8,0.8,0.0,0.5,1.8,4.5
345,Kendrick Nunn,PG,25,MIA,6,0,14.7,2.3,5.8,.400,0.3,1.8,.182,2.0,4.0,.500,.429,0.5,0.5,1.000,0.3,1.3,1.7,1.7,0.3,0.2,1.3,0.3,5.5
346,Jusuf Nurkić,C,26,POR,12,12,23.3,4.2,8.6,.485,0.3,1.0,.250,3.9,7.6,.516,.500,1.3,2.3,.556,1.9,5.8,7.7,2.8,0.9,0.9,1.9,2.8,9.8
347,David Nwaba,SF,28,HOU,10,7,24.1,3.0,7.1,.423,0.6,2.6,.231,2.4,4.5,.533,.465,1.1,2.0,.550,0.4,1.9,2.3,0.8,0.9,0.7,0.7,1.6,7.7
348,Jordan Nwora,SF,22,MIL,8,0,8.9,2.0,4.0,.500,0.9,1.8,.500,1.1,2.3,.500,.609,1.1,1.3,.900,0.1,1.8,1.9,0.0,0.5,0.1,1.0,1.1,6.0
349,Royce O'Neale,SF,27,UTA,13,13,31.8,2.5,4.9,.500,1.8,3.8,.480,0.6,1.1,.571,.688,0.5,0.8,.700,1.2,6.0,7.2,2.4,0.8,0.4,1.1,2.5,7.3
350,Semi Ojeleye,PF,26,BOS,11,1,18.2,2.3,5.5,.417,1.3,3.5,.359,1.0,1.9,.524,.533,1.1,1.5,.706,0.8,2.6,3.5,0.6,0.0,0.0,0.5,1.3,6.9
351,Jahlil Okafor,C,25,DET,8,0,10.5,2.4,3.5,.679,0.0,0.0,,2.4,3.5,.679,.679,0.0,0.0,,1.4,1.5,2.9,0.3,0.3,0.1,0.5,1.0,4.8
352,Chuma Okeke,PF,22,ORL,5,0,18.2,1.0,2.8,.357,0.4,1.4,.286,0.6,1.4,.429,.429,0.6,1.2,.500,1.0,1.6,2.6,1.6,0.6,0.2,0.6,0.4,3.0
353,Josh Okogie,SG,22,MIN,5,4,24.4,2.8,5.6,.500,0.2,1.6,.125,2.6,4.0,.650,.518,0.8,1.2,.667,1.0,2.4,3.4,1.8,0.0,1.0,0.8,2.6,6.6
354,Onyeka Okongwu,C,20,ATL,1,0,14.0,2.0,6.0,.333,0.0,0.0,,2.0,6.0,.333,.333,0.0,0.0,,3.0,2.0,5.0,2.0,1.0,0.0,2.0,1.0,4.0
355,Isaac Okoro,SG,20,CLE,8,8,36.6,3.3,8.0,.406,0.9,2.9,.304,2.4,5.1,.463,.461,1.3,2.0,.625,0.8,1.4,2.1,2.3,1.1,0.5,1.8,2.4,8.6
356,KZ Okpala,PF,21,MIA,5,1,13.6,1.6,3.4,.471,0.8,1.8,.444,0.8,1.6,.500,.588,0.2,0.8,.250,0.8,1.0,1.8,0.4,0.4,0.0,1.0,1.2,4.2
357,Victor Oladipo,SG,28,IND,9,9,33.3,7.1,16.9,.421,2.8,7.7,.362,4.3,9.2,.470,.503,3.0,4.1,.730,0.1,5.6,5.7,4.2,1.7,0.2,2.0,2.6,20.0
358,Kelly Olynyk,C,29,MIA,10,6,29.1,4.1,9.1,.451,2.4,6.6,.364,1.7,2.5,.680,.582,0.5,0.8,.625,0.8,4.7,5.5,2.5,1.0,0.8,1.7,2.6,11.1
359,Miye Oni,SG,23,UTA,8,0,9.4,0.6,1.9,.333,0.6,1.5,.417,0.0,0.4,.000,.500,0.0,0.0,,0.3,1.3,1.5,0.6,0.0,0.5,0.1,1.3,1.9
360,,,,,,,,,,,,,,,,,,,,,,,,,,,,,
361,Cedi Osman,SF,25,CLE,13,7,30.2,4.8,12.8,.371,2.3,7.1,.326,2.5,5.8,.427,.461,1.2,1.8,.696,0.6,3.2,3.8,3.7,1.0,0.2,1.6,2.6,13.1
362,Daniel Oturu,C,21,LAC,7,0,5.0,1.1,2.0,.571,0.0,0.1,.000,1.1,1.9,.615,.571,0.3,0.3,1.000,0.7,1.3,2.0,0.6,0.0,0.3,0.1,0.6,2.6
363,Kelly Oubre Jr.,SF,25,GSW,12,12,27.2,4.2,11.9,.350,1.1,5.5,.197,3.1,6.4,.481,.395,1.7,2.1,.800,1.4,4.1,5.5,1.0,1.2,0.9,1.8,2.2,11.1
364,Eric Paschall,PF,24,GSW,11,2,19.5,4.3,8.4,.511,0.7,1.8,.400,3.5,6.5,.542,.554,2.5,3.0,.818,0.9,2.5,3.4,1.2,0.3,0.2,0.4,1.8,11.7
365,Anžejs Pasečņiks,C,25,WAS,1,0,6.0,0.0,1.0,.000,0.0,1.0,.000,0.0,0.0,,.000,0.0,0.0,,1.0,0.0,1.0,1.0,0.0,0.0,5.0,2.0,0.0
366,Patrick Patterson,PF,31,LAC,6,0,12.5,1.3,3.3,.400,1.0,2.7,.375,0.3,0.7,.500,.550,0.5,0.7,.750,0.5,1.2,1.7,0.7,0.5,0.0,0.8,1.5,4.2
367,Chris Paul,PG,35,PHO,11,11,31.6,4.8,11.1,.434,0.7,2.5,.286,4.1,8.5,.479,.467,2.9,3.0,.970,0.6,4.0,4.6,8.7,0.7,0.3,1.6,3.0,13.3
368,Cameron Payne,PG,26,PHO,9,0,17.8,3.1,6.2,.500,1.0,2.3,.429,2.1,3.9,.543,.580,0.4,0.4,1.000,0.2,2.2,2.4,4.3,0.7,0.1,1.3,2.2,7.7
369,Elfrid Payton,PG,26,NYK,14,14,28.8,5.5,12.4,.443,0.6,2.1,.310,4.9,10.4,.469,.468,1.6,2.3,.688,1.4,2.9,4.3,4.1,0.6,0.2,2.4,2.1,13.2
370,Reggie Perry,PF,20,BRK,6,0,9.2,1.7,3.2,.526,0.2,0.8,.200,1.5,2.3,.643,.553,0.2,0.5,.333,0.7,2.0,2.7,0.8,0.0,0.2,0.5,0.8,3.7
371,Theo Pinson,SG,25,NYK,6,0,2.7,0.0,0.8,.000,0.0,0.8,.000,0.0,0.0,,.000,0.0,0.0,,0.0,0.2,0.2,0.0,0.0,0.0,0.0,0.3,0.0
372,Mason Plumlee,C,30,DET,12,12,26.9,3.0,5.8,.522,0.0,0.3,.000,3.0,5.4,.554,.522,1.8,2.4,.759,3.0,5.8,8.8,3.5,1.4,0.6,1.8,3.3,7.8
373,Jakob Poeltl,C,25,SAS,13,3,19.5,2.2,4.0,.558,0.0,0.0,,2.2,4.0,.558,.558,0.3,1.2,.250,2.8,3.4,6.2,2.1,0.5,0.8,1.0,1.9,4.8
374,Vincent Poirier,C,27,PHI,3,0,4.7,0.3,1.0,.333,0.0,0.0,,0.3,1.0,.333,.333,0.7,1.3,.500,0.7,0.3,1.0,0.3,0.0,0.3,0.3,0.3,1.3
375,Aleksej Pokusevski,PF,19,OKC,10,0,16.1,1.4,5.2,.269,0.6,3.1,.194,0.8,2.1,.381,.327,0.0,0.0,,0.5,3.5,4.0,1.1,0.5,1.1,1.4,1.0,3.4
376,Jordan Poole,SG,21,GSW,7,0,10.3,1.7,4.1,.414,0.7,2.4,.294,1.0,1.7,.583,.500,1.3,1.3,1.000,0.1,1.0,1.1,0.9,0.1,0.0,0.6,1.0,5.4
377,Michael Porter Jr.,SF,22,DEN,4,4,29.3,7.5,13.3,.566,2.8,6.5,.423,4.8,6.8,.704,.670,1.8,2.0,.875,1.3,5.5,6.8,1.8,1.0,1.5,0.5,2.8,19.5
378,Otto Porter,SF,27,CHI,12,6,23.6,4.3,9.4,.460,1.8,4.4,.415,2.5,5.0,.500,.558,2.0,2.3,.857,1.3,5.4,6.7,1.9,0.8,0.1,1.2,1.6,12.5
379,Bobby Portis,C,25,MIL,13,1,23.5,4.8,8.7,.549,0.9,2.2,.429,3.8,6.5,.588,.602,1.0,1.4,.722,2.3,5.8,8.2,1.2,0.9,0.5,1.2,2.1,11.5
380,Kristaps Porziņģis,C,25,DAL,3,3,27.7,7.0,18.0,.389,2.0,7.7,.261,5.0,10.3,.484,.444,1.0,1.3,.750,1.3,6.0,7.3,0.3,0.0,2.0,1.3,3.0,17.0
381,,,,,,,,,,,,,,,,,,,,,,,,,,,,,
382,Dwight Powell,C,29,DAL,9,6,19.8,1.6,3.3,.467,0.1,0.6,.200,1.4,2.8,.520,.483,1.8,2.4,.727,1.1,2.4,3.6,1.2,1.2,0.6,0.9,2.6,5.0
383,Norman Powell,SG,27,TOR,12,3,23.1,3.5,9.1,.385,2.1,4.9,.424,1.4,4.2,.340,.500,2.6,2.9,.886,0.1,2.1,2.2,0.8,1.0,0.3,1.3,1.8,11.7
384,Taurean Prince,PF,26,BRK,12,4,18.2,2.5,6.2,.405,1.1,3.1,.351,1.4,3.1,.459,.493,2.0,2.3,.889,0.2,2.7,2.8,0.6,0.7,0.7,0.9,1.8,8.1
385,Payton Pritchard,SG,23,BOS,12,0,22.7,3.3,6.7,.500,1.3,3.1,.432,2.0,3.6,.558,.600,0.8,0.8,.900,0.5,2.3,2.8,2.8,1.1,0.4,1.8,1.9,8.8
386,Immanuel Quickley,PG,21,NYK,10,0,18.2,3.3,8.2,.402,1.2,3.5,.343,2.1,4.7,.447,.476,2.1,2.2,.955,0.1,1.6,1.7,2.7,0.7,0.4,1.0,2.1,9.9
387,Jahmi'us Ramsey,SG,19,SAC,4,0,4.0,0.5,1.0,.500,0.3,0.8,.333,0.3,0.3,1.000,.625,0.0,0.0,,0.0,1.0,1.0,0.3,0.0,0.3,0.3,0.0,1.3
388,Julius Randle,PF,26,NYK,14,14,37.0,8.4,16.8,.502,1.4,4.0,.357,7.0,12.8,.547,.545,4.6,5.9,.783,1.3,9.3,10.6,6.5,0.8,0.2,3.9,3.4,22.9
389,Cam Reddish,SF,21,ATL,11,10,28.5,4.1,10.8,.378,1.7,5.2,.333,2.4,5.6,.419,.458,2.3,2.7,.833,0.8,3.8,4.6,1.1,1.4,0.2,1.6,2.5,12.2
390,J.J. Redick,SG,36,NOP,12,0,21.8,2.6,7.5,.344,1.8,5.5,.318,0.8,2.0,.417,.461,1.8,1.8,1.000,0.2,1.8,2.0,1.3,0.3,0.0,0.8,1.5,8.7
391,Paul Reed,PF,21,PHI,4,0,12.8,2.0,4.8,.421,0.0,0.8,.000,2.0,4.0,.500,.421,0.0,0.0,,1.8,0.8,2.5,0.8,0.3,1.0,1.3,1.0,4.0
392,Naz Reid,C,21,MIN,11,3,19.5,4.0,7.4,.543,1.0,2.6,.379,3.0,4.7,.635,.611,1.8,2.5,.714,1.0,3.3,4.3,1.2,0.4,1.0,1.4,3.0,10.8
393,Nick Richards,PF,23,CHO,4,0,3.0,0.5,0.5,1.000,0.0,0.0,,0.5,0.5,1.000,1.000,0.3,0.5,.500,0.3,0.8,1.0,0.0,0.0,0.0,0.0,0.5,1.3
394,Josh Richardson,SG,27,DAL,8,8,32.5,4.9,11.9,.411,2.0,6.3,.320,2.9,5.6,.511,.495,2.0,2.1,.941,1.1,1.8,2.9,1.6,0.9,0.3,1.3,3.8,13.8
395,Austin Rivers,SG,28,NYK,10,2,26.4,3.7,8.4,.440,2.0,5.0,.400,1.7,3.4,.500,.560,0.0,0.0,,0.3,2.3,2.6,2.6,0.5,0.0,1.4,1.8,9.4
396,Duncan Robinson,SF,26,MIA,11,11,32.5,4.5,10.0,.455,3.6,8.5,.426,0.9,1.5,.625,.636,1.8,2.2,.833,0.0,4.0,4.0,1.5,0.6,0.4,1.5,1.8,14.5
397,Glenn Robinson III,SF,27,SAC,11,0,18.1,2.3,4.6,.490,0.9,2.1,.435,1.4,2.5,.536,.588,1.4,1.5,.938,0.4,1.7,2.1,1.0,0.0,0.1,0.5,1.0,6.8
398,Jerome Robinson,SG,23,WAS,6,1,15.0,1.5,3.8,.391,0.7,1.7,.400,0.8,2.2,.385,.478,0.8,0.8,1.000,0.0,1.7,1.7,1.3,0.5,0.0,0.7,2.2,4.5
399,Mitchell Robinson,C,22,NYK,14,14,29.7,4.0,6.1,.659,0.0,0.0,,4.0,6.1,.659,.659,0.6,1.4,.474,3.8,4.4,8.1,0.5,1.4,1.9,0.8,2.7,8.6
400,Isaiah Roby,PF,22,OKC,9,3,18.7,3.6,6.0,.593,0.7,1.7,.400,2.9,4.3,.667,.648,1.1,2.0,.556,1.3,3.2,4.6,1.1,0.1,0.4,1.0,2.4,8.9
401,Rajon Rondo,PG,34,ATL,4,0,14.8,1.3,4.3,.294,0.5,1.5,.333,0.8,2.8,.273,.353,0.0,0.0,,0.3,1.3,1.5,4.5,0.3,0.3,1.3,0.5,3.0
402,,,,,,,,,,,,,,,,,,,,,,,,,,,,,
403,Derrick Rose,PG,32,DET,9,0,23.3,5.4,12.7,.430,1.0,2.9,.346,4.4,9.8,.455,.469,3.0,3.7,.818,0.3,1.6,1.9,5.2,1.3,0.3,2.2,1.4,14.9
404,Terrence Ross,SG,29,ORL,12,0,27.4,5.7,12.8,.442,2.1,5.7,.368,3.6,7.2,.500,.523,2.8,3.0,.917,0.3,2.4,2.7,1.6,1.2,0.3,1.7,1.9,16.2
405,Terry Rozier,SG,26,CHO,14,14,33.1,7.1,14.8,.478,3.4,7.6,.443,3.7,7.2,.515,.592,2.4,3.1,.773,0.6,3.4,4.1,2.7,1.4,0.5,1.9,2.2,19.9
406,Ricky Rubio,PG,30,MIN,11,3,24.5,2.2,5.7,.381,0.5,1.9,.238,1.7,3.8,.452,.421,1.5,1.5,.941,0.4,2.5,2.8,5.4,1.4,0.0,1.6,2.2,6.3
407,D'Angelo Russell,PG,24,MIN,11,10,31.5,7.7,17.7,.436,2.8,7.3,.388,4.9,10.5,.470,.515,2.5,3.5,.692,0.5,2.6,3.2,5.5,1.3,0.4,3.5,2.3,20.7
408,Domantas Sabonis,PF,24,IND,13,13,37.5,8.6,15.6,.552,0.7,2.2,.310,7.9,13.4,.592,.574,3.8,5.5,.681,3.2,9.7,12.8,5.8,0.8,0.5,3.4,3.8,21.7
409,Luka Šamanić,PF,21,SAS,3,0,2.7,0.3,1.7,.200,0.3,0.7,.500,0.0,1.0,.000,.300,0.3,0.7,.500,0.0,0.0,0.0,0.0,0.0,0.0,0.0,0.0,1.3
410,JaKarr Sampson,PF,27,IND,7,0,7.4,1.0,2.1,.467,0.0,0.3,.000,1.0,1.9,.538,.467,0.6,0.7,.800,0.4,1.7,2.1,0.0,0.1,0.3,0.1,0.9,2.6
411,Dario Šarić,PF,26,PHO,7,0,18.9,3.7,8.3,.448,1.4,4.0,.357,2.3,4.3,.533,.534,1.7,1.9,.923,0.4,4.1,4.6,1.0,0.6,0.1,1.6,2.0,10.6
412,Tomáš Satoranský,SG,29,CHI,3,0,22.7,2.3,5.0,.467,0.7,2.0,.333,1.7,3.0,.556,.533,1.0,1.0,1.000,0.7,1.7,2.3,6.0,1.3,0.3,2.7,0.7,6.3
413,Dennis Schröder,SG,27,LAL,14,14,30.9,5.3,12.6,.418,1.2,3.6,.340,4.1,9.1,.449,.466,2.3,2.9,.780,0.6,3.5,4.1,4.8,1.0,0.2,2.4,2.8,14.1
414,Mike Scott,PF,32,PHI,8,2,19.1,1.8,5.5,.318,1.1,4.5,.250,0.6,1.0,.625,.420,0.3,0.4,.667,0.5,2.3,2.8,0.1,0.3,0.3,0.4,1.3,4.9
415,Collin Sexton,SG,22,CLE,8,8,37.4,9.8,18.4,.531,2.0,3.9,.516,7.8,14.5,.534,.585,3.6,4.4,.829,0.5,1.6,2.1,3.5,1.4,0.3,2.1,2.9,25.1
416,Landry Shamet,SG,23,BRK,14,0,17.6,1.6,4.8,.343,1.1,3.5,.306,0.6,1.3,.444,.455,1.0,1.1,.875,0.1,1.4,1.5,1.1,0.7,0.1,0.8,1.1,5.4
417,Pascal Siakam,PF,26,TOR,11,11,35.6,7.2,16.2,.444,1.4,4.8,.283,5.8,11.4,.512,.486,3.2,4.3,.745,2.5,5.8,8.3,4.9,0.9,0.7,2.5,4.1,18.9
418,Chris Silva,PF,24,MIA,6,0,8.8,1.0,1.5,.667,0.2,0.2,1.000,0.8,1.3,.625,.722,1.7,2.0,.833,1.2,1.8,3.0,1.0,0.2,0.3,1.3,2.3,3.8
419,Ben Simmons,PG,24,PHI,12,12,33.0,4.6,9.2,.500,0.1,0.4,.200,4.5,8.8,.514,.505,3.0,4.8,.632,1.2,8.1,9.3,8.0,1.5,1.0,4.2,3.4,12.3
420,Anfernee Simons,SG,21,POR,10,0,10.0,1.3,4.3,.302,1.0,3.2,.313,0.3,1.1,.273,.419,0.4,0.6,.667,0.0,1.7,1.7,0.5,0.1,0.2,0.3,1.0,4.0
421,Deividas Sirvydis,SG,20,DET,2,0,1.0,0.0,1.0,.000,0.0,1.0,.000,0.0,0.0,,.000,0.0,0.0,,0.0,0.0,0.0,0.0,0.0,0.0,0.0,0.0,0.0
422,Marcus Smart,PG,26,BOS,11,11,32.5,3.6,10.5,.345,1.9,5.8,.328,1.7,4.7,.365,.435,3.0,4.1,.733,0.5,2.1,2.6,5.6,1.5,0.5,1.5,2.5,12.2
423,,,,,,,,,,,,,,,,,,,,,,,,,,,,,
424,Dennis Smith Jr.,PG,23,NYK,3,0,9.3,0.7,3.3,.200,0.0,1.3,.000,0.7,2.0,.333,.200,1.7,2.0,.833,0.0,0.7,0.7,1.0,1.0,0.0,0.3,1.3,3.0
425,Ish Smith,PG,32,WAS,11,0,19.3,2.5,6.5,.394,0.4,1.1,.333,2.2,5.4,.407,.423,0.5,1.2,.385,0.5,2.8,3.4,4.0,0.6,0.3,1.0,1.1,5.9
426,Jalen Smith,PF,20,PHO,2,0,10.0,1.0,2.5,.400,0.0,0.5,.000,1.0,2.0,.500,.400,0.0,1.0,.000,1.5,1.0,2.5,0.5,0.0,0.5,0.5,0.5,2.0
427,Tony Snell,SG,29,ATL,3,0,9.3,0.7,3.0,.222,0.7,2.3,.286,0.0,0.7,.000,.333,0.0,0.0,,0.0,1.3,1.3,1.0,0.0,0.0,0.0,1.0,2.0
428,Cassius Stanley,SG,21,IND,6,0,3.3,0.3,1.0,.333,0.2,0.3,.500,0.2,0.7,.250,.417,0.7,0.8,.800,0.2,0.2,0.3,0.0,0.0,0.2,0.2,1.0,1.5
429,Lamar Stevens,PF,23,CLE,9,0,14.2,1.7,4.1,.405,0.1,0.8,.143,1.6,3.3,.467,.419,0.9,1.1,.800,0.3,1.9,2.2,0.8,0.4,0.0,0.3,0.7,4.3
430,Isaiah Stewart,C,19,DET,10,0,17.1,2.1,4.3,.488,0.0,0.1,.000,2.1,4.2,.500,.488,0.6,0.9,.667,3.3,2.4,5.7,0.8,0.4,0.6,0.6,2.8,4.8
431,Max Strus,SF,24,MIA,4,0,18.0,2.5,5.0,.500,1.3,3.8,.333,1.3,1.3,1.000,.625,0.3,0.8,.333,0.3,1.8,2.0,1.0,0.3,0.0,0.0,1.3,6.5
432,Edmond Sumner,SG,25,IND,6,3,15.2,2.8,5.3,.531,0.5,2.0,.250,2.3,3.3,.700,.578,0.5,1.0,.500,0.8,1.3,2.2,1.0,1.2,0.0,1.0,1.3,6.7
433,Jae'Sean Tate,SF,25,HOU,11,2,24.7,3.3,6.7,.486,0.4,1.5,.250,2.9,5.3,.552,.514,1.4,2.1,.652,1.4,2.9,4.3,2.4,0.7,0.7,1.3,2.8,8.3
434,Jayson Tatum,SF,22,BOS,10,10,34.6,10.1,21.3,.474,3.5,8.0,.438,6.6,13.3,.496,.556,3.2,3.6,.889,0.4,6.7,7.1,3.8,1.0,0.8,2.4,1.8,26.9
435,Jeff Teague,PG,32,BOS,10,2,19.4,2.3,6.8,.338,0.9,1.9,.474,1.4,4.9,.286,.404,1.8,2.1,.857,0.4,2.0,2.4,2.5,1.5,0.2,1.0,1.5,7.3
436,Garrett Temple,SG,34,CHI,12,1,26.2,3.5,7.1,.494,1.8,4.3,.431,1.7,2.8,.588,.624,0.8,1.1,.769,0.5,2.1,2.6,1.9,1.0,0.3,1.1,2.8,9.7
437,Tyrell Terry,PG,20,DAL,7,0,5.1,0.6,1.4,.400,0.0,0.7,.000,0.6,0.7,.800,.400,0.0,0.1,.000,0.0,0.4,0.4,0.6,0.6,0.0,0.1,0.1,1.1
438,Daniel Theis,C,28,BOS,12,10,22.2,3.3,5.8,.580,0.5,1.9,.261,2.8,3.8,.739,.623,0.3,0.8,.333,1.3,3.9,5.2,1.3,0.3,0.8,1.1,2.3,7.4
439,Brodric Thomas,SG,24,HOU,3,0,6.3,0.3,1.7,.200,0.0,1.3,.000,0.3,0.3,1.000,.200,1.0,1.7,.600,0.3,0.7,1.0,1.3,0.0,0.0,1.0,1.7,1.7
440,Matt Thomas,SG,26,TOR,4,0,12.3,2.0,4.5,.444,1.8,3.3,.538,0.3,1.3,.200,.639,0.3,0.3,1.000,0.0,1.3,1.3,1.3,0.5,0.0,0.3,0.5,6.0
441,Tristan Thompson,PF,29,BOS,10,10,23.1,3.0,6.1,.492,0.0,0.0,,3.0,6.1,.492,.492,1.4,2.2,.636,3.1,5.4,8.5,0.7,0.4,0.8,1.4,2.5,7.4
442,Sindarius Thornwell,SG,26,NOP,3,1,9.7,0.3,1.7,.200,0.0,0.3,.000,0.3,1.3,.250,.200,0.0,0.0,,0.0,0.7,0.7,0.0,1.3,0.0,0.0,0.7,0.7
443,Matisse Thybulle,SG,23,PHI,11,0,13.5,1.1,3.1,.353,0.6,2.2,.292,0.5,0.9,.500,.456,0.3,0.5,.600,0.1,1.3,1.4,0.8,1.1,0.7,0.4,1.4,3.1
444,,,,,,,,,,,,,,,,,,,,,,,,,,,,,
445,Xavier Tillman Sr.,PF,22,MEM,7,0,19.6,3.9,7.0,.551,0.1,1.1,.125,3.7,5.9,.634,.561,0.3,0.3,1.000,1.0,2.6,3.6,1.7,1.3,0.6,0.3,1.7,8.1
446,Obi Toppin,PF,22,NYK,4,0,12.8,2.0,5.5,.364,1.3,3.0,.417,0.8,2.5,.300,.477,0.5,0.5,1.000,0.3,2.8,3.0,0.8,0.5,0.8,0.5,0.3,5.8
447,Juan Toscano-Anderson,SG,27,GSW,6,2,15.0,1.2,1.5,.778,0.3,0.7,.500,0.8,0.8,1.000,.889,0.5,0.8,.600,0.2,3.2,3.3,1.8,0.3,0.7,0.8,1.7,3.2
448,Karl-Anthony Towns,C,25,MIN,4,4,33.0,7.3,15.8,.460,1.5,4.0,.375,5.8,11.8,.489,.508,6.0,6.3,.960,4.0,8.5,12.5,4.3,0.5,2.8,2.5,2.8,22.0
449,Gary Trent Jr.,SG,22,POR,11,0,24.4,4.2,9.3,.451,2.5,5.5,.443,1.7,3.7,.463,.583,0.7,1.1,.667,0.3,1.4,1.6,1.2,0.4,0.1,0.5,1.5,11.5
450,P.J. Tucker,PF,35,HOU,11,11,32.4,1.9,4.3,.447,1.4,3.0,.455,0.5,1.3,.429,.606,0.6,0.8,.778,1.0,4.0,5.0,1.5,1.2,0.9,1.4,3.4,5.8
451,Myles Turner,C,24,IND,12,12,31.7,4.6,9.8,.470,1.3,4.4,.283,3.3,5.3,.625,.534,2.0,2.7,.750,1.4,5.4,6.8,1.1,1.5,4.2,1.3,3.4,12.4
452,Jonas Valančiūnas,C,28,MEM,12,12,26.8,5.6,10.5,.532,0.3,1.2,.286,5.3,9.3,.563,.548,2.9,4.0,.729,2.7,7.8,10.4,1.8,0.8,1.0,2.3,3.7,14.4
453,Denzel Valentine,SG,27,CHI,9,0,18.3,2.7,6.1,.436,1.4,3.7,.394,1.2,2.4,.500,.555,0.2,0.2,1.000,0.2,4.0,4.2,1.8,1.1,0.1,0.7,0.9,7.0
454,Jarred Vanderbilt,PF,21,MIN,9,0,14.9,2.1,3.2,.655,0.0,0.0,,2.1,3.2,.655,.655,1.0,2.1,.474,1.3,3.8,5.1,1.3,1.1,0.4,0.7,1.7,5.2
455,Fred VanVleet,SG,26,TOR,12,12,35.8,7.3,17.4,.421,3.6,9.6,.374,3.8,7.8,.479,.524,1.8,2.2,.846,0.8,3.6,4.4,6.3,1.1,0.6,1.8,2.0,20.1
456,Devin Vassell,SG,20,SAS,12,0,16.6,1.7,4.4,.377,0.8,2.1,.360,0.9,2.3,.393,.462,0.8,0.8,1.000,0.6,2.8,3.4,1.1,1.3,0.3,0.3,1.1,4.8
457,Gabe Vincent,PG,24,MIA,4,3,25.5,4.8,13.0,.365,2.5,8.0,.313,2.3,5.0,.450,.462,2.0,2.5,.800,0.0,2.0,2.0,3.3,0.8,0.0,2.0,4.0,14.0
458,Nikola Vučević,C,30,ORL,13,13,31.4,9.2,18.0,.513,2.7,6.3,.427,6.5,11.7,.559,.588,1.7,2.2,.786,2.4,8.4,10.8,3.8,1.4,0.4,1.4,1.5,22.8
459,Dean Wade,PF,24,CLE,12,0,11.5,0.9,2.5,.367,0.6,1.7,.350,0.3,0.8,.400,.483,0.2,0.2,1.000,0.3,1.2,1.5,0.6,0.4,0.1,0.4,0.9,2.6
460,Moritz Wagner,C,23,WAS,5,0,13.6,2.2,3.4,.647,0.8,1.4,.571,1.4,2.0,.700,.765,1.2,1.6,.750,0.4,3.6,4.0,0.8,0.2,0.0,0.2,3.6,6.4
461,Kemba Walker,PG,30,BOS,1,1,20.0,3.0,13.0,.231,1.0,8.0,.125,2.0,5.0,.400,.269,2.0,3.0,.667,0.0,3.0,3.0,4.0,3.0,0.0,5.0,1.0,9.0
462,Lonnie Walker,SG,22,SAS,13,13,29.0,5.0,11.8,.425,1.9,4.8,.397,3.1,6.9,.444,.507,1.8,2.4,.774,0.4,2.7,3.1,1.7,0.5,0.6,0.9,2.1,13.8
463,John Wall,PG,30,HOU,7,7,33.9,7.0,15.4,.454,1.4,4.4,.323,5.6,11.0,.506,.500,3.1,3.7,.846,0.7,4.0,4.7,5.1,1.3,1.0,3.4,1.3,18.6
464,Brad Wanamaker,PG,31,GSW,12,0,15.8,1.3,3.9,.319,0.5,1.5,.333,0.8,2.4,.310,.383,1.6,1.8,.864,0.3,1.7,1.9,2.8,0.8,0.2,0.8,1.6,4.6
465,,,,,,,,,,,,,,,,,,,,,,,,,,,,,
466,T.J. Warren,SF,27,IND,4,4,29.3,6.8,12.8,.529,0.0,1.8,.000,6.8,11.0,.614,.529,2.0,2.5,.800,0.5,3.0,3.5,1.3,0.5,0.0,1.0,4.0,15.5
467,P.J. Washington,PF,22,CHO,14,14,28.9,4.5,10.6,.426,1.2,3.4,.362,3.3,7.2,.455,.483,2.7,3.7,.731,1.9,5.3,7.1,3.0,0.9,1.4,2.1,3.2,12.9
468,Yuta Watanabe,SF,26,TOR,7,0,11.0,0.7,2.6,.278,0.6,1.3,.444,0.1,1.3,.111,.389,0.0,0.0,,0.6,2.4,3.0,0.3,0.3,0.9,0.4,1.0,2.0
469,Tremont Waters,PG,23,BOS,5,1,9.8,0.8,2.6,.308,0.6,1.4,.429,0.2,1.2,.167,.423,0.8,0.8,1.000,0.2,0.4,0.6,2.8,0.6,0.0,1.8,0.8,3.0
470,Paul Watson,SF,26,TOR,3,0,2.7,0.3,0.7,.500,0.0,0.3,.000,0.3,0.3,1.000,.500,0.0,0.0,,0.3,0.7,1.0,0.0,0.0,0.3,0.0,0.3,0.7
471,Russell Westbrook,PG,32,WAS,7,7,37.1,7.3,19.3,.378,1.4,4.7,.303,5.9,14.6,.402,.415,3.3,5.0,.657,1.0,8.7,9.7,11.3,1.3,0.3,5.3,3.3,19.3
472,Coby White,PG,20,CHI,13,13,34.8,5.9,14.5,.407,2.4,6.7,.356,3.5,7.8,.451,.489,2.1,2.5,.844,0.5,4.8,5.3,6.1,0.3,0.1,2.9,2.5,16.3
473,Derrick White,SG,26,SAS,1,0,23.0,3.0,9.0,.333,1.0,4.0,.250,2.0,5.0,.400,.389,2.0,2.0,1.000,0.0,1.0,1.0,1.0,0.0,2.0,2.0,1.0,9.0
474,Hassan Whiteside,C,31,SAC,9,0,12.7,2.6,4.9,.523,0.0,0.0,,2.6,4.9,.523,.523,1.3,2.7,.500,1.0,3.2,4.2,0.6,0.2,1.1,0.8,1.4,6.4
475,Andrew Wiggins,PF,25,GSW,12,12,32.8,6.6,15.3,.432,2.0,5.4,.369,4.6,9.8,.466,.497,2.6,3.5,.738,0.9,3.8,4.7,2.5,0.4,1.8,2.0,2.3,17.8
476,Grant Williams,PF,22,BOS,10,2,20.1,2.0,4.8,.417,0.7,2.2,.318,1.3,2.6,.500,.490,0.3,0.9,.333,1.3,2.0,3.3,0.7,0.6,0.5,0.8,3.1,5.0
477,Kenrich Williams,PF,26,OKC,12,0,12.1,1.3,2.8,.485,0.3,0.8,.400,1.0,1.9,.522,.545,0.6,0.7,.875,0.7,1.6,2.3,1.1,0.5,0.3,0.5,1.5,3.6
478,Lou Williams,PG,34,LAC,12,0,19.7,3.4,7.8,.436,0.8,2.2,.385,2.6,5.7,.456,.489,1.7,2.1,.800,0.3,1.7,1.9,2.6,0.7,0.1,0.8,0.9,9.3
479,Patrick Williams,PF,19,CHI,13,13,26.9,3.8,7.8,.485,1.1,2.2,.500,2.7,5.6,.479,.554,1.5,1.8,.870,0.8,3.1,3.8,1.1,0.8,0.8,1.7,2.7,10.2
480,Robert Williams,C,23,BOS,8,0,16.4,3.0,3.9,.774,0.0,0.1,.000,3.0,3.8,.800,.774,0.8,0.9,.857,2.5,4.0,6.5,0.6,1.1,1.5,1.4,1.3,6.8
481,Zion Williamson,PF,20,NOP,11,11,32.4,9.1,15.8,.575,0.0,0.2,.000,9.1,15.6,.581,.575,4.5,7.0,.636,3.4,4.9,8.3,1.6,1.1,0.5,2.8,2.5,22.6
482,D.J. Wilson,PF,24,MIL,7,0,10.1,1.6,3.7,.423,1.0,2.3,.438,0.6,1.4,.400,.558,0.1,0.3,.500,0.4,2.3,2.7,0.4,0.1,0.3,0.6,1.3,4.3
483,Dylan Windler,SF,24,CLE,1,0,9.0,1.0,5.0,.200,1.0,4.0,.250,0.0,1.0,.000,.300,0.0,0.0,,0.0,0.0,0.0,0.0,2.0,0.0,1.0,0.0,3.0
484,Cassius Winston,PG,22,WAS,1,0,2.0,0.0,1.0,.000,0.0,1.0,.000,0.0,0.0,,.000,0.0,0.0,,0.0,0.0,0.0,1.0,0.0,0.0,0.0,1.0,0.0
485,James Wiseman,C,19,GSW,12,12,21.3,4.7,9.7,.483,0.5,1.3,.400,4.2,8.4,.495,.509,1.4,2.4,.586,1.3,4.9,6.3,0.4,0.4,1.6,1.5,3.3,11.3
486,,,,,,,,,,,,,,,,,,,,,,,,,,,,,
487,Christian Wood,C,25,HOU,10,10,33.8,9.3,17.8,.522,1.6,4.7,.340,7.7,13.1,.588,.567,3.0,4.6,.652,2.4,8.5,10.9,1.4,0.6,1.9,1.9,2.3,23.2
488,Robert Woodard,SF,21,SAC,5,0,3.2,1.2,2.2,.545,0.2,0.6,.333,1.0,1.6,.625,.591,0.0,0.4,.000,0.6,1.0,1.6,0.0,0.0,0.0,0.2,0.0,2.6
489,Delon Wright,SG,28,DET,12,7,26.2,2.6,6.8,.383,0.8,2.3,.333,1.8,4.5,.407,.438,1.7,1.9,.870,0.8,2.8,3.7,4.3,0.7,0.7,1.0,0.8,7.6
490,Thaddeus Young,PF,32,CHI,9,0,23.3,4.6,7.7,.594,0.3,1.3,.250,4.2,6.3,.667,.616,0.8,1.2,.636,1.1,2.7,3.8,3.0,0.9,0.4,2.3,2.7,10.2
491,Trae Young,PG,22,ATL,12,12,32.8,6.7,17.3,.386,1.5,5.7,.265,5.2,11.6,.446,.430,8.3,9.4,.885,1.1,3.1,4.2,8.6,0.5,0.2,4.2,1.8,23.2
492,Cody Zeller,C,28,CHO,1,1,19.0,3.0,6.0,.500,0.0,2.0,.000,3.0,4.0,.750,.500,0.0,1.0,.000,1.0,2.0,3.0,0.0,3.0,1.0,1.0,1.0,6.0
493,Ivica Zubac,C,23,LAC,14,1,18.1,2.7,3.9,.691,0.0,0.0,,2.7,3.9,.691,.691,1.9,2.4,.788,1.6,3.1,4.6,1.0,0.5,0.9,1.0,2.4,7.3
